player_id,last_name_tx,first_name_tx,team_id,team_tx,pos_tx,elo,nameFirst,nameLast,score
zimmr001,Zimmerman,Ryan,WAS,WAS,3B,759.860113922327,Ryan,Zimmerman,252.53
zimmj003,Zimmermann,Jordan,WAS,WAS,P,2531.972876462,Jordan,Zimmermann,6.25
wertj001,Werth,Jayson,WAS,WAS,OF,959.340148886384,Jayson,Werth,252.92
waltz001,Walters,Zach,WAS,WAS,SS,1494.2730481434,Zach,Walters,4.75
tracc001,Tracy,Chad,WAS,WAS,3B,1359.53876303382,Chad,Tracy,35.8
suzuk001,Suzuki,Kurt,WAS,WAS,C,1130.34878872997,Kurt,Suzuki,86.08
stras001,Strasburg,Stephen,WAS,WAS,P,2300.41287987346,Stephen,Strasburg,6.08
stord001,Storen,Drew,WAS,WAS,P,1787.0460724753,Drew,Storen,0
stamc001,Stammen,Craig,WAS,WAS,P,1856.23676413838,Craig,Stammen,0.29
spand001,Span,Denard,WAS,WAS,OF,729.498212082315,Denard,Span,222.88
sorir001,Soriano,Rafael,WAS,WAS,P,1830.43304655763,Rafael,Soriano,0
solaj002,Solano,Jhonatan,WAS,WAS,C,1439.36637682512,Jhonatan,Solano,7.86
rodrh002,Rodriguez,Henry,WAS,WAS,P,1583.3579113825,Henry,Rodriguez,0
roart001,Roark,Tanner,WAS,WAS,P,1715.74838482908,Tanner,Roark,3.69
renda001,Rendon,Anthony,WAS,WAS,3B,1053.32961997182,Anthony,Rendon,135.49
ramow001,Ramos,Wilson,WAS,WAS,C,1152.61393350062,Wilson,Ramos,135
peree003,Perez,Eury,WAS,WAS,OF,1488.87667165643,Eury,Perez,0.48
ohler001,Ohlendorf,Ross,WAS,WAS,P,1735.79340176476,Ross,Ohlendorf,-0.46
moort002,Moore,Tyler,WAS,WAS,1B,1302.68520045305,Tyler,Moore,50.43
mayay001,Maya,Yunesky,WAS,WAS,P,1501.03401541676,Yunesky,Maya,0
mattr001,Mattheus,Ryan,WAS,WAS,P,1645.09371641124,Ryan,Mattheus,0
marrc001,Marrero,Chris,WAS,WAS,1B,1480.04239763973,Chris,Marrero,1.71
lombs002,Lombardozzi,Steve,WAS,WAS,2B,1141.25142563606,Steve,Lombardozzi,89.95
leons001,Leon,Sandy,WAS,WAS,C,1498.74950180645,Sandy,Leon,-0.2
laroa001,LaRoche,Adam,WAS,WAS,1B,808.225227212027,Adam,LaRoche,209.49
kroli001,Krol,Ian,WAS,WAS,P,1627.8880259252,Ian,Krol,0
kobej001,Kobernus,Jeff,WAS,WAS,2B,1466.19553992085,Jeff,Kobernus,8.98
jordt001,Jordan,Taylor,WAS,WAS,P,1681.68972859817,Taylor,Jordan,1.56
harpb003,Harper,Bryce,WAS,WAS,OF,967.711524660771,Bryce,Harper,205.38
hared001,Haren,Dan,WAS,WAS,P,2283.09576587362,Dan,Haren,8.11
hairs001,Hairston,Scott,WAS,WAS,2B,1320.07673078385,Scott,Hairston,40.72
gonzg003,Gonzalez,Gio,WAS,WAS,P,2379.46206810267,Gio,Gonzalez,5.58
espid001,Espinosa,Danny,WAS,WAS,SS,1292.14204852986,Danny,Espinosa,33.1
dukez001,Duke,Zach,WAS,WAS,P,1601.1563724994,Zach,Duke,0.88
detwr001,Detwiler,Ross,WAS,WAS,P,1728.16728323615,Ross,Detwiler,-0.75
desmi001,Desmond,Ian,WAS,WAS,SS,731.260822860048,Ian,Desmond,250.66
dejed001,DeJesus,David,WAS,WAS,CF,1077.96031978343,David,DeJesus,110.63
davie002,Davis,Erik,WAS,WAS,P,1532.29989194218,Erik,Davis,0
clipt001,Clippard,Tyler,WAS,WAS,P,1847.98687395564,Tyler,Clippard,0
cedex001,Cedeno,Xavier,WAS,WAS,P,1534.64541575976,Xavier,Cedeno,0
browc003,Brown,Corey,WAS,WAS,OF,1487.80384359912,Corey,Brown,5.4
bernr001,Bernadina,Roger,WAS,WAS,OF,1206.00372364219,Roger,Bernadina,34.67
abadf001,Abad,Fernando,WAS,WAS,P,1661.91093856044,Fernando,Abad,0
webet001,Weber,Thad,TOR,TOR,P,1556.39175757488,Thad,Weber,0
wangc001,Wang,Chien-Ming,TOR,TOR,P,1601.00588260077,Chien-Ming,Wang,0
wagnn001,Wagner,Neil,TOR,TOR,P,1668.93147507154,Neil,Wagner,0
tholj001,Thole,Josh,TOR,TOR,C,1330.26998647146,Josh,Thole,31.41
storm001,Storey,Mickey,TOR,TOR,P,1515.41996933858,Mickey,Storey,0
sierm001,Sierra,Moises,TOR,TOR,OF,1374.11672862823,Moises,Sierra,47.12
sants001,Santos,Sergio,TOR,TOR,P,1627.17972092904,Sergio,Santos,0
romer002,Romero,Ricky,TOR,TOR,P,1527.93369175942,Ricky,Romero,0
rogee002,Rogers,Esmil,TOR,TOR,P,2146.41281038974,Esmil,Rogers,0.1
reyej001,Reyes,Jose,TOR,TOR,SS,1042.69080635509,Jose,Reyes,160.05
redmt002,Redmond,Todd,TOR,TOR,P,1866.62372544297,Todd,Redmond,0.49
rasmc001,Rasmus,Colby,TOR,TOR,OF,990.757865088562,Colby,Rasmus,184.26
pillk001,Pillar,Kevin,TOR,TOR,OF,1365.17792609971,Kevin,Pillar,30.99
perel001,Perez,Luis,TOR,TOR,P,1520.85799509343,Luis,Perez,0
perej001,Perez,Juan,TOR,TOR,P,1647.60313830094,Juan,Perez,0
ortir002,Ortiz,Ramon,TOR,TOR,P,1604.70503465276,Ramon,Ortiz,-0.2
olivd001,Oliver,Darren,TOR,TOR,P,1717.16225985986,Darren,Oliver,0
nolis001,Nolin,Sean,TOR,TOR,P,1503.06494565247,Sean,Nolin,0
nickm001,Nickeas,Mike,TOR,TOR,C,1500,Mike,Nickeas,0
morrb001,Morrow,Brandon,TOR,TOR,P,1747.85232465466,Brandon,Morrow,0
mcgod001,McGowan,Dustin,TOR,TOR,P,1629.29450536522,Dustin,McGowan,0
loupa001,Loup,Aaron,TOR,TOR,P,1815.53291276658,Aaron,Loup,0
linda001,Lind,Adam,TOR,TOR,OF,923.445132342179,Adam,Lind,218.37
lincb001,Lincoln,Brad,TOR,TOR,P,1639.97793587777,Brad,Lincoln,0
lawrb002,Lawrie,Brett,TOR,TOR,3B,962.87854849643,Brett,Lawrie,156.37
laroa002,LaRoche,Andy,TOR,TOR,3B,1492.60807636751,Andy,LaRoche,-0.2
langr002,Langerhans,Ryan,TOR,TOR,OF,1486.89287568269,Ryan,Langerhans,3.82
laffa001,Laffey,Aaron,TOR,TOR,P,1523.32845732294,Aaron,Laffey,0
kawam001,Kawasaki,Munenori,TOR,TOR,SS,1175.10159374426,Munenori,Kawasaki,91.81
johnj009,Johnson,Josh,TOR,TOR,P,1907.40622128846,Josh,Johnson,0.49
jenkc001,Jenkins,Chad,TOR,TOR,P,1636.01694684485,Chad,Jenkins,-0.4
jeffj001,Jeffress,Jeremy,TOR,TOR,P,1544.94294655248,Jeremy,Jeffress,0
jansc001,Janssen,Casey,TOR,TOR,P,1760.31528231302,Casey,Janssen,0
iztum001,Izturis,Maicer,TOR,TOR,SS,1018.83666121106,Maicer,Izturis,119.47
gosea001,Gose,Anthony,TOR,TOR,OF,1314.93865344735,Anthony,Gose,45.6
gonze001,Gonzalez,Edgar,TOR,TOR,P,1547.70196040745,Edgar,Gonzalez,0
goinr001,Goins,Ryan,TOR,TOR,SS,1350.72776126212,Ryan,Goins,31.98
germj001,Germano,Justin,TOR,TOR,P,1509.30500979487,Justin,Germano,0
encae001,Encarnacion,Edwin,TOR,TOR,3B,833.181491397914,Edwin,Encarnacion,302.81
drabk001,Drabek,Kyle,TOR,TOR,P,1509.40642130417,Kyle,Drabek,0
derom001,DeRosa,Mark,TOR,TOR,SS,1242.06945074152,Mark,DeRosa,91.99
delas001,Delabar,Steve,TOR,TOR,P,1777.00955713047,Steve,Delabar,0
davir003,Davis,Rajai,TOR,TOR,OF,1080.39617095507,Rajai,Davis,118.21
cecib001,Cecil,Brett,TOR,TOR,P,1801.3350527393,Brett,Cecil,0
cabrm002,Cabrera,Melky,TOR,TOR,OF,1070.79139738503,Melky,Cabrera,122.95
bushd001,Bush,Dave,TOR,TOR,P,1515.49540842086,Dave,Bush,0
buehm001,Buehrle,Mark,TOR,TOR,P,2540.13099579161,Mark,Buehrle,-0.2
bonie001,Bonifacio,Emilio,TOR,TOR,2B,940.815269030588,Emilio,Bonifacio,71.84
blanh001,Blanco,Henry,TOR,TOR,C,1307.93988698555,Henry,Blanco,27.42
bautj002,Bautista,Jose,TOR,TOR,3B,911.719451114724,Jose,Bautista,230.12
wolfr002,Wolf,Ross,TEX,OAK,P,1713.14045538175,Ross,Wolf,0
tepen001,Tepesch,Nick,TEX,TEX,P,1952.02793371557,Nick,Tepesch,-0.2
sotog001,Soto,Geovany,TEX,TEX,C,1302.15365479677,Geovany,Soto,65.74
sorij001,Soria,Joakim,TEX,TEX,P,1612.69844391067,Joakim,Soria,0
schet001,Scheppers,Tanner,TEX,TEX,P,1873.46819488691,Tanner,Scheppers,0
rossr002,Ross,Robbie,TEX,TEX,P,1788.49369152998,Robbie,Ross,0
rosaa001,Rosales,Adam,TEX,TEX,1B,1314.35197236642,Adam,Rosales,38.86
riosa002,Rios,Alex,TEX,TEX,OF,754.409460123267,Alex,Rios,177.53
profj001,Profar,Jurickson,TEX,TEX,SS,1118.1821842355,Jurickson,Profar,96.94
perem004,Perez,Martin,TEX,TEX,P,2104.02275444522,Martin,Perez,-0.8
ortij004,Ortiz,Joe,TEX,TEX,P,1684.57172782276,Joe,Ortiz,0
ogana001,Ogando,Alexi,TEX,TEX,P,1956.32316504997,Alexi,Ogando,-0.2
nathj001,Nathan,Joe,TEX,TEX,P,1833.90305142477,Joe,Nathan,0
murpd005,Murphy,David,TEX,TEX,OF,909.590580590496,David,Murphy,154.59
morem001,Moreland,Mitch,TEX,TEX,OF,869.36612822021,Mitch,Moreland,183.42
mcguc001,McGuiness,Chris,TEX,TEX,1B,1454.91579038932,Chris,McGuiness,3.75
mcclk001,McClellan,Kyle,TEX,TEX,P,1547.60223129522,Kyle,McClellan,0
martl004,Martin,Leonys,TEX,TEX,OF,872.753240318352,Leonys,Martin,170.21
lowed001,Lowe,Derek,TEX,TEX,P,1536.08881195197,Derek,Lowe,0
lindj004,Lindblom,Josh,TEX,TEX,P,1653.22483717051,Josh,Lindblom,0
kirkm001,Kirkman,Michael,TEX,TEX,P,1578.75815920094,Michael,Kirkman,0
kinsi001,Kinsler,Ian,TEX,TEX,SS,775.410758422429,Ian,Kinsler,240.97
holld003,Holland,Derek,TEX,TEX,P,2574.23565629636,Derek,Holland,0.88
harrm001,Harrison,Matt,TEX,TEX,P,1537.20882471085,Matt,Harrison,0
grimj002,Grimm,Justin,TEX,TEX,P,1968.11693194041,Justin,Grimm,0
gentc001,Gentry,Craig,TEX,TEX,OF,1223.74565944907,Craig,Gentry,106.45
garzm001,Garza,Matt,TEX,TEX,P,2248.92732905192,Matt,Garza,4.36
garcl004,Garcia,Leury,TEX,TEX,SS,1394.54327991407,Leury,Garcia,9.49
frasj002,Frasor,Jason,TEX,TEX,P,1731.34936549145,Jason,Frasor,0
fontw001,Font,Wilmer,TEX,TEX,P,1504.02912753336,Wilmer,Font,0
felin001,Feliz,Neftali,TEX,TEX,P,1519.31050312204,Neftali,Feliz,0
darvy001,Darvish,Yu,TEX,TEX,P,2596.45772629049,Yu,Darvish,-0.4
cruzn002,Cruz,Nelson,TEX,TEX,OF,978.456715717828,Nelson,Cruz,195.47
cottn001,Cotts,Neal,TEX,TEX,P,1800.55869691594,Neal,Cotts,0
chirr001,Chirinos,Robinson,TEX,TEX,C,1465.43574172454,Robinson,Chirinos,5.54
butlj002,Butler,Joey,TEX,TEX,OF,1487.2802043424,Joey,Butler,5.78
burnc001,Burns,Cory,TEX,TEX,P,1551.49245349898,Cory,Burns,0
borbj001,Borbon,Julio,TEX,TEX,OF,1405.23668066225,Julio,Borbon,28.42
blact001,Blackley,Travis,TEX,TEX,P,1715.35517223212,Travis,Blackley,0
berkl001,Berkman,Lance,TEX,TEX,OF,1181.33466289156,Lance,Berkman,106.35
belte002,Beltre,Engel,TEX,TEX,OF,1459.71222953191,Engel,Beltre,9.8
belta001,Beltre,Adrian,TEX,TEX,3B,729.878096766536,Adrian,Beltre,311.7
bakej001,Baker,Jeff,TEX,TEX,2B,1320.51213871256,Jeff,Baker,72.81
andre001,Andrus,Elvis,TEX,TEX,SS,653.849355394025,Elvis,Andrus,237.21
adduj002,Adduci,Jim,TEX,TEX,OF,1461.6926247889,Jim,Adduci,8.03
zobrb001,Zobrist,Ben,TBA,TBA,OF,691.767230034229,Ben,Zobrist,265.98
yound003,Young,Delmon,TBA,TBA,OF,1080.41489903143,Delmon,Young,96.91
wrigw001,Wright,Wesley,TBA,TBA,P,1728.87652529212,Wesley,Wright,0
wrigj001,Wright,Jamey,TBA,TBA,P,1839.45985296511,Jamey,Wright,0
scotl001,Scott,Luke,TBA,TBA,OF,1181.86680646034,Luke,Scott,110.24
romee002,Romero,Enny,TBA,TBA,P,1522.27951767666,Enny,Romero,0
rodrs002,Rodriguez,Sean,TBA,TBA,2B,1251.91862756006,Sean,Rodriguez,71.83
rodnf001,Rodney,Fernando,TBA,TBA,P,1868.68533777864,Fernando,Rodney,0
rober002,Roberts,Ryan,TBA,TBA,2B,1311.99140787533,Ryan,Roberts,54.32
ramoc001,Ramos,Cesar,TBA,TBA,P,1827.74956150468,Cesar,Ramos,0
pricd001,Price,David,TBA,TBA,P,2461.47543279643,David,Price,-0.4
peraj002,Peralta,Joel,TBA,TBA,P,1855.92637977929,Joel,Peralta,0
odorj001,Odorizzi,Jake,TBA,TBA,P,1629.05390573228,Jake,Odorizzi,0
myerw001,Myers,Wil,TBA,TBA,OF,1054.5771305599,Wil,Myers,153.5
moorm003,Moore,Matt,TBA,TBA,P,2297.96619486394,Matt,Moore,0
molij001,Molina,Jose,TBA,TBA,C,1110.37572897864,Jose,Molina,82.86
mcgej001,McGee,Jake,TBA,TBA,P,1815.84956612632,Jake,McGee,0
luekj001,Lueke,Josh,TBA,TBA,P,1581.88458637631,Josh,Lueke,0
longe001,Longoria,Evan,TBA,TBA,3B,668.845748449509,Evan,Longoria,279.75
lonej001,Loney,James,TBA,TBA,1B,814.45332501976,James,Loney,241.07
lobaj001,Lobaton,Jose,TBA,TBA,C,1160.44248834163,Jose,Lobaton,106.24
kierk001,Kiermaier,Kevin,TBA,TBA,OF,1500,Kevin,Kiermaier,0
joycm001,Joyce,Matthew,TBA,TBA,OF,947.950130585753,Matthew,Joyce,173.04
johnk003,Johnson,Kelly,TBA,TBA,OF,1036.06478452407,Kelly,Johnson,143.99
jennd002,Jennings,Desmond,TBA,TBA,OF,800.147683746689,Desmond,Jennings,211.64
carmf001,Hernandez,Roberto,TBA,TBA,P,2241.53550149815,Roberto,Hernandez,-0.6
hellj001,Hellickson,Jeremy,TBA,TBA,P,2356.4263478625,Jeremy,Hellickson,0.68
guzmf001,Guzman,Freddy,TBA,TBA,OF,1500,Freddy,Guzman,0.2
gomeb001,Gomes,Brandon,TBA,TBA,P,1582.55614415885,Brandon,Gomes,0
gimec001,Gimenez,Chris,TBA,TBA,C,1498.07670462692,Chris,Gimenez,1.69
fulds001,Fuld,Sam,TBA,TBA,OF,1260.96804682818,Sam,Fuld,55.97
farnk001,Farnsworth,Kyle,TBA,TBA,P,1657.5140431663,Kyle,Farnsworth,0
escoy001,Escobar,Yunel,TBA,TBA,SS,806.759690531729,Yunel,Escobar,202.62
duncs001,Duncan,Shelley,TBA,TBA,OF,1442.89525619508,Shelley,Duncan,19.23
coloa001,Colome,Alex,TBA,TBA,P,1559.76947721815,Alex,Colome,-0.2
cobba001,Cobb,Alex,TBA,TBA,P,2303.41990738485,Alex,Cobb,0
bourj001,Bourgeois,Jason,TBA,TBA,2B,1484.05164804389,Jason,Bourgeois,5.82
belij001,Beliveau,Jeff,TBA,TBA,P,1501.89870914171,Jeff,Beliveau,0
beckt001,Beckham,Tim,TBA,TBA,SS,1492.77457696151,Tim,Beckham,3.49
archc001,Archer,Chris,TBA,TBA,P,2177.00299543914,Chris,Archer,-0.2
wongk001,Wong,Kolten,SLN,SLN,2B,1413.89901947906,Kolten,Wong,8.51
wiggt001,Wigginton,Ty,SLN,SLN,3B,1431.4550264047,Ty,Wigginton,10.76
westj001,Westbrook,Jake,SLN,SLN,P,1947.1691783195,Jake,Westbrook,9.88
waina001,Wainwright,Adam,SLN,SLN,P,2835.17202302814,Adam,Wainwright,15.38
wachm001,Wacha,Michael,SLN,SLN,P,1931.79967095389,Michael,Wacha,2.99
siegk001,Siegrist,Kevin,SLN,SLN,P,1719.54730446429,Kevin,Siegrist,-0.2
salaf001,Salas,Fernando,SLN,SLN,P,1614.59715772969,Fernando,Salas,-0.2
rzepm001,Rzepczynski,Marc,SLN,SLN,P,1619.58521476404,Marc,Rzepczynski,0
roset001,Rosenthal,Trevor,SLN,SLN,P,1924.22620010353,Trevor,Rosenthal,-0.2
robis001,Robinson,Shane,SLN,SLN,OF,1317.61875140767,Shane,Robinson,60.64
peteb002,Peterson,Brock,SLN,SLN,1B,1466.81299020808,Brock,Peterson,2.44
perea002,Perez,Audry,SLN,SLN,C,1498.5497877485,Audry,Perez,-0.2
mujie001,Mujica,Edward,SLN,SLN,P,1809.99476846547,Edward,Mujica,-0.4
moliy001,Molina,Yadier,SLN,SLN,C,835.189796122657,Yadier,Molina,240.88
mills001,Miller,Shelby,SLN,SLN,P,2291.96236414312,Shelby,Miller,2.85
martc006,Martinez,Carlos,SLN,SLN,P,1680.2077263673,Carlos,Martinez,-0.2
martv002,Marte,Victor,SLN,SLN,P,1514.59549971912,Victor,Marte,0
manes001,Maness,Seth,SLN,SLN,P,1776.53206089114,Seth,Maness,0.28
lyont001,Lyons,Tyler,SLN,SLN,P,1701.56882085068,Tyler,Lyons,1.06
lynnl001,Lynn,Lance,SLN,SLN,P,2497.96123706668,Lance,Lynn,2.88
kellj001,Kelly,Joe,SLN,SLN,P,2111.74294094705,Joe,Kelly,5.94
johnr009,Johnson,Rob,SLN,SLN,C,1460.54835623588,Rob,Johnson,8.64
jay-j001,Jay,Jon,SLN,SLN,OF,714.244343764048,Jon,Jay,227.47
jackr005,Jackson,Ryan,SLN,SLN,SS,1490.81420887276,Ryan,Jackson,-0.4
hollm001,Holliday,Matt,SLN,SLN,OF,760.636902157651,Matt,Holliday,280.64
gastj001,Gast,John,SLN,SLN,P,1546.98790742675,John,Gast,0.09
garcj004,Garcia,Jaime,SLN,SLN,P,1689.40404260394,Jaime,Garcia,-2
freed001,Freese,David,SLN,SLN,3B,818.087811251172,David,Freese,187.74
frees001,Freeman,Sam,SLN,SLN,P,1552.58015229957,Sam,Freeman,0
descd001,Descalso,Daniel,SLN,SLN,2B,1041.01152629249,Daniel,Descalso,121.64
curtj002,Curtis,Jermaine,SLN,SLN,3B,1495.85461166829,Jermaine,Curtis,1.21
cruzt002,Cruz,Tony,SLN,SLN,C,1340.91325843246,Tony,Cruz,34.64
craia001,Craig,Allen,SLN,SLN,OF,888.678662909943,Allen,Craig,254.17
cletm001,Cleto,Maikel,SLN,SLN,P,1505.94231565422,Maikel,Cleto,-0.2
choar001,Choate,Randy,SLN,SLN,P,1659.37391515375,Randy,Choate,0
chama002,Chambers,Adron,SLN,SLN,OF,1461.34518026126,Adron,Chambers,4.04
carpm002,Carpenter,Matt,SLN,SLN,3B,633.588385614106,Matt,Carpenter,304.91
butlk001,Butler,Keith,SLN,SLN,P,1582.93586610957,Keith,Butler,0
boggm001,Boggs,Mitchell,SLN,SLN,P,1585.84197327402,Mitchell,Boggs,0
blazm001,Blazek,Michael,SLN,SLN,P,1571.11791319047,Michael,Blazek,0
beltc001,Beltran,Carlos,SLN,SLN,CF,713.941281749323,Carlos,Beltran,254.95
axfoj001,Axford,John,SLN,SLN,P,1796.1321606386,John,Axford,0
adamm002,Adams,Matt,SLN,SLN,1B,1058.88592081278,Matt,Adams,134.8
zitob001,Zito,Barry,SFN,SFN,P,2020.03527559606,Barry,Zito,5.2
voger001,Vogelsong,Ryan,SFN,SFN,P,1909.7399198493,Ryan,Vogelsong,2.33
torra001,Torres,Andres,SFN,SFN,OF,1167.00200972756,Andres,Torres,87.02
tanak001,Tanaka,Kensuke,SFN,SFN,2B,1465.67993076918,Kensuke,Tanaka,11.1
surke001,Surkamp,Eric,SFN,SFN,P,1507.53592756305,Eric,Surkamp,0
scutm001,Scutaro,Marco,SFN,SFN,SS,903.539610007835,Marco,Scutaro,189.71
sandp001,Sandoval,Pablo,SFN,SFN,C,846.034994834249,Pablo,Sandoval,234.66
sanch002,Sanchez,Hector,SFN,SFN,C,1351.59217149608,Hector,Sanchez,48.28
rosas001,Rosario,Sandy,SFN,SFN,P,1690.86076862475,Sandy,Rosario,-0.2
romos001,Romo,Sergio,SFN,SFN,P,1787.16071568193,Sergio,Romo,0
quirg001,Quiroz,Guillermo,SFN,SFN,C,1385.48043771419,Guillermo,Quiroz,22.19
poseb001,Posey,Buster,SFN,SFN,C,878.797136426669,Buster,Posey,250.53
pillb001,Pill,Brett,SFN,SFN,1B,1397.50284888995,Brett,Pill,31.17
petiy001,Petit,Yusmeiro,SFN,SFN,P,1676.97874693268,Yusmeiro,Petit,2.07
perej002,Perez,Juan,SFN,SFN,OF,1392.98136789937,Juan,Perez,29.48
pench001,Pence,Hunter,SFN,SFN,OF,731.31341506433,Hunter,Pence,293.62
peguf001,Peguero,Francisco,SFN,SFN,OF,1462.26141818915,Francisco,Peguero,8.14
pagaa001,Pagan,Angel,SFN,SFN,CF,1191.81923691058,Angel,Pagan,113.64
noonn001,Noonan,Nick,SFN,SFN,SS,1378.46017071271,Nick,Noonan,23.97
monej001,Monell,Johnny,SFN,SFN,C,1492.44207002082,Johnny,Monell,1.75
moscg001,Moscoso,Guillermo,SFN,SFN,P,1634.22942701131,Guillermo,Moscoso,-0.1
mijaj001,Mijares,Jose,SFN,SFN,P,1704.32226070356,Jose,Mijares,0
machj002,Machi,Jean,SFN,SFN,P,1737.67928028438,Jean,Machi,-0.2
lopej002,Lopez,Javier,SFN,SFN,P,1683.74114468409,Javier,Lopez,0
linct001,Lincecum,Tim,SFN,SFN,P,2361.07012105816,Tim,Lincecum,2.67
kontg001,Kontos,George,SFN,SFN,P,1722.48859681836,George,Kontos,-0.1
kiesr001,Kieschnick,Roger,SFN,SFN,OF,1391.64744230241,Roger,Kieschnick,21.17
kickm001,Kickham,Mike,SFN,SFN,P,1607.63993572063,Mike,Kickham,1
hembh001,Hembree,Heath,SFN,SFN,P,1535.96705961467,Heath,Hembree,0
gillc002,Gillespie,Cole,SFN,SFN,OF,1438.0935392807,Cole,Gillespie,16.66
gaudc001,Gaudin,Chad,SFN,SFN,P,1908.44386994965,Chad,Gaudin,0.41
franj004,Francoeur,Jeff,SFN,SFN,OF,1200.7578294686,Jeff,Francoeur,47.95
crawb001,Crawford,Brandon,SFN,SFN,SS,853.278262950203,Brandon,Crawford,174.1
garcj002,Casilla,Santiago,SFN,SFN,P,1725.20923851415,Santiago,Casilla,0
dunnj001,Dunning,Jake,SFN,SFN,P,1601.27571827172,Jake,Dunning,0
cainm001,Cain,Matt,SFN,SFN,P,2323.66698318388,Matt,Cain,3.88
bumgm001,Bumgarner,Madison,SFN,SFN,P,2438.71248045029,Madison,Bumgarner,6.53
blang001,Blanco,Gregor,SFN,SFN,OF,953.664811276853,Gregor,Blanco,166.33
beltb001,Belt,Brandon,SFN,SFN,1B,889.61910055539,Brandon,Belt,229.23
ariaj001,Arias,Joaquin,SFN,SFN,SS,1226.58036127035,Joaquin,Arias,70.93
affej001,Affeldt,Jeremy,SFN,SFN,P,1643.13213134437,Jeremy,Affeldt,0
adrie001,Adrianza,Ehire,SFN,SFN,SS,1475.14068648338,Ehire,Adrianza,6.98
abret001,Abreu,Tony,SFN,SFN,3B,1345.40567725819,Tony,Abreu,48.73
zunim001,Zunino,Mike,SEA,SEA,C,1278.1417738271,Mike,Zunino,53.86
wilht001,Wilhelmsen,Tom,SEA,SEA,P,1789.69290172024,Tom,Wilhelmsen,0
walkt004,Walker,Taijuan,SEA,SEA,P,1571.43544419929,Taijuan,Walker,0
triuc001,Triunfel,Carlos,SEA,SEA,SS,1435.15834142104,Carlos,Triunfel,5.82
sucrj001,Sucre,Jesus,SEA,SEA,C,1467.49155563492,Jesus,Sucre,7.93
smoaj001,Smoak,Justin,SEA,SEA,1B,917.490409884896,Justin,Smoak,182.52
shopk001,Shoppach,Kelly,SEA,SEA,C,1355.24756361223,Kelly,Shoppach,32.51
seagk001,Seager,Kyle,SEA,SEA,2B,683.540877782827,Kyle,Seager,256.93
saunm001,Saunders,Michael,SEA,SEA,OF,978.380380372905,Michael,Saunders,157.13
saunj001,Saunders,Joe,SEA,SEA,P,2400.10617465082,Joe,Saunders,-0.3
ryanb002,Ryan,Brendan,SEA,SEA,SS,1072.95665174161,Brendan,Ryan,69.92
ruffc001,Ruffin,Chance,SEA,SEA,P,1542.17174093874,Chance,Ruffin,0
ramie004,Ramirez,Erasmo,SEA,SEA,P,1855.77826001842,Erasmo,Ramirez,0
quinh001,Quintero,Humberto,SEA,SEA,C,1345.10517188599,Humberto,Quintero,24.1
pryos001,Pryor,Stephen,SEA,SEA,P,1528.31612117689,Stephen,Pryor,0
pereo002,Perez,Oliver,SEA,SEA,P,1747.85647129294,Oliver,Perez,0
peguc001,Peguero,Carlos,SEA,SEA,OF,1492.45815217576,Carlos,Peguero,4.1
paxtj001,Paxton,James,SEA,SEA,P,1620.79805989828,James,Paxton,0.49
noesh001,Noesi,Hector,SEA,SEA,P,1620.04118748316,Hector,Noesi,0
morak001,Morales,Kendrys,SEA,SEA,1B,735.232294684105,Kendrys,Morales,257.85
montj003,Montero,Jesus,SEA,SEA,C,1390.18911719999,Jesus,Montero,30.52
millb002,Miller,Brad,SEA,SEA,SS,1107.67323948645,Brad,Miller,121.64
mediy001,Medina,Yoervis,SEA,SEA,P,1839.53175647,Yoervis,Medina,0
maurb001,Maurer,Brandon,SEA,SEA,P,1918.84628041896,Brandon,Maurer,0
luetl001,Luetge,Lucas,SEA,SEA,P,1658.5130282795,Lucas,Luetge,0
loe-k001,Loe,Kameron,SEA,SEA,P,1564.10178454888,Kameron,Loe,0
lidda001,Liddi,Alex,SEA,SEA,3B,1474.02143897502,Alex,Liddi,0.49
lafrb001,LaFromboise,Bobby,SEA,SEA,P,1544.79711362589,Bobby,LaFromboise,0
iwakh001,Iwakuma,Hisashi,SEA,SEA,P,2670.68274362125,Hisashi,Iwakuma,-0.4
ibanr001,Ibanez,Raul,SEA,SEA,OF,901.379690259801,Raul,Ibanez,188.57
hernf002,Hernandez,Felix,SEA,SEA,P,2536.65483818662,Felix,Hernandez,0.09
haraa001,Harang,Aaron,SEA,SEA,P,2224.41875280201,Aaron,Harang,1.16
gutif001,Gutierrez,Franklin,SEA,SEA,OF,1332.84027482699,Franklin,Gutierrez,58.05
furbc001,Furbush,Charlie,SEA,SEA,P,1825.27553905072,Charlie,Furbush,0
frann001,Franklin,Nick,SEA,SEA,2B,998.169876445723,Nick,Franklin,134.32
farqd001,Farquhar,Danny,SEA,SEA,P,1760.57700597157,Danny,Farquhar,0
chave002,Chavez,Endy,SEA,SEA,OF,1163.43421163956,Endy,Chavez,77.73
cappc001,Capps,Carter,SEA,SEA,P,1770.22226704803,Carter,Capps,0
bondj001,Bonderman,Jeremy,SEA,SEA,P,1715.75354897378,Jeremy,Bonderman,0
beavb001,Beavan,Blake,SEA,SEA,P,1681.14258045996,Blake,Beavan,0
bay-j001,Bay,Jason,SEA,SEA,OF,1225.77771371368,Jason,Bay,73.34
bantb001,Bantz,Brandon,SEA,SEA,C,1496.05869491403,Brandon,Bantz,-0.2
andir001,Andino,Robert,SEA,SEA,SS,1411.48697993142,Robert,Andino,16.23
almoa001,Almonte,Abraham,SEA,SEA,OF,1415.02270297063,Abraham,Almonte,27.49
ackld001,Ackley,Dustin,SEA,SEA,2B,1011.56975189008,Dustin,Ackley,131.6
volqe001,Volquez,Edinson,SDN,SDN,P,2264.3510284259,Edinson,Volquez,5.43
vincn001,Vincent,Nick,SDN,SDN,P,1711.4360129497,Nick,Vincent,0
venaw001,Venable,Will,SDN,SDN,OF,885.049839366347,Will,Venable,189.9
thayd001,Thayer,Dale,SDN,SDN,P,1787.41964324091,Dale,Thayer,0
thatj001,Thatcher,Joe,SDN,SDN,P,1652.88906690888,Joe,Thatcher,0
stule002,Stults,Eric,SDN,SDN,P,2422.62557978204,Eric,Stults,10.44
streh001,Street,Huston,SDN,SDN,P,1770.1715101717,Huston,Street,0
staut001,Stauffer,Tim,SDN,SDN,P,1780.70630906708,Tim,Stauffer,-0.8
smitb005,Smith,Burch,SDN,SDN,P,1628.77450145137,Burch,Smith,1.17
rosst001,Ross,Tyson,SDN,SDN,P,2025.1335082923,Tyson,Ross,1.98
robic002,Robinson,Chris,SDN,SDN,C,1487.71308871264,Chris,Robinson,4.51
river003,Rivera,Rene,SDN,SDN,C,1419.51129268578,Rene,Rivera,20.22
richc002,Richard,Clayton,SDN,SDN,P,1673.98674330954,Clayton,Richard,2.49
ransc001,Ransom,Cody,SDN,SDN,3B,1335.24143512592,Cody,Ransom,61.53
quenc001,Quentin,Carlos,SDN,SDN,OF,1208.68086796326,Carlos,Quentin,138.17
osuls001,O'Sullivan,Sean,SDN,SDN,P,1584.76857343921,Sean,O'Sullivan,0.4
mikom001,Mikolas,Miles,SDN,SDN,P,1504.83285556058,Miles,Mikolas,0
medit001,Medica,Tommy,SDN,SDN,1B,1427.07209903664,Tommy,Medica,31.34
maybc001,Maybin,Cameron,SDN,SDN,OF,1449.94859361663,Cameron,Maybin,14.37
marqj001,Marquis,Jason,SDN,SDN,P,1929.8032844721,Jason,Marquis,3.92
kotsm001,Kotsay,Mark,SDN,SDN,OF,1314.82907081449,Mark,Kotsay,40.57
kenni001,Kennedy,Ian,SDN,SDN,P,2200.30160073417,Ian,Kennedy,3.87
hynec001,Hynes,Colt,SDN,SDN,P,1557.62177065557,Colt,Hynes,0
hundn001,Hundley,Nick,SDN,SDN,C,1020.860494299,Nick,Hundley,132.48
headc001,Headley,Chase,SDN,SDN,3B,818.066847944323,Chase,Headley,204.61
gyorj001,Gyorko,Jedd,SDN,SDN,3B,883.196048745051,Jedd,Gyorko,188.38
guzmj005,Guzman,Jesus,SDN,SDN,1B,1138.64340803426,Jesus,Guzman,103.76
gregl001,Gregerson,Luke,SDN,SDN,P,1815.06827358287,Luke,Gregerson,0
grany001,Grandal,Yasmani,SDN,SDN,C,1398.89192421037,Yasmani,Grandal,36.77
fuenr001,Fuentes,Reymond,SDN,SDN,OF,1462.26353249395,Reymond,Fuentes,4.62
forsl001,Forsythe,Logan,SDN,SDN,2B,1205.63761226292,Logan,Forsythe,69.53
erlir001,Erlin,Robbie,SDN,SDN,P,1669.01014685595,Robbie,Erlin,1.52
denoc001,Denorfia,Chris,SDN,SDN,OF,925.123913695917,Chris,Denorfia,185.97
deckj001,Decker,Jaff,SDN,SDN,OF,1463.6676802143,Jaff,Decker,7.17
cirip001,Ciriaco,Pedro,SDN,SDN,SS,1365.95742810314,Pedro,Ciriaco,20.38
ceder002,Cedeno,Ronny,SDN,SDN,SS,1182.29460097831,Ronny,Cedeno,39.45
casha001,Cashner,Andrew,SDN,SDN,P,2290.74134608163,Andrew,Cashner,11.8
cabre001,Cabrera,Everth,SDN,SDN,2B,1074.79699636014,Everth,Cabrera,150.23
bracb001,Brach,Brad,SDN,SDN,P,1611.03766694741,Brad,Brach,0
boxbb001,Boxberger,Brad,SDN,SDN,P,1575.87272317556,Brad,Boxberger,0
blank002,Blanks,Kyle,SDN,SDN,1B,1169.61846735723,Kyle,Blanks,100.44
bassa001,Bass,Anthony,SDN,SDN,P,1647.45187716488,Anthony,Bass,0.55
bakej002,Baker,John,SDN,SDN,C,1458.25985350409,John,Baker,8.52
amara001,Amarista,Alexi,SDN,SDN,2B,1016.89340890157,Alexi,Amarista,118.8
alony001,Alonso,Yonder,SDN,SDN,1B,1112.60542181427,Yonder,Alonso,142.61
zagum001,Zagurski,Mike,PIT,PIT,P,1516.52513447706,Mike,Zagurski,0
wilsj004,Wilson,Justin,PIT,PIT,P,1835.60996042957,Justin,Wilson,-0.9
welkd001,Welker,Duke,PIT,PIT,P,1504.70005193221,Duke,Welker,0
watst001,Watson,Tony,PIT,PIT,P,1856.67139365882,Tony,Watson,0
walkn001,Walker,Neil,PIT,PIT,3B,824.644549687597,Neil,Walker,201.77
tabaj002,Tabata,Jose,PIT,PIT,OF,1123.87879353858,Jose,Tabata,127.85
snidt001,Snider,Travis,PIT,PIT,OF,1180.57109522291,Travis,Snider,79.41
sanct001,Sanchez,Tony,PIT,PIT,C,1436.16206078421,Tony,Sanchez,20.36
sancj002,Sanchez,Jonathan,PIT,PIT,P,1516.0263824583,Jonathan,Sanchez,-0.11
sancg001,Sanchez,Gaby,PIT,PIT,1B,1190.23800767547,Gaby,Sanchez,123.36
rodrw002,Rodriguez,Wandy,PIT,PIT,P,1727.46929224158,Wandy,Rodriguez,1.11
reidr001,Reid,Ryan,PIT,PIT,P,1541.51805760572,Ryan,Reid,0
presa001,Presley,Alex,PIT,PIT,OF,1299.86477626136,Alex,Presley,40.44
pimes001,Pimentel,Stolmy,PIT,PIT,P,1542.38092262551,Stolmy,Pimentel,0
pie-f001,Pie,Felix,PIT,PIT,OF,1463.07221523315,Felix,Pie,3.48
mortc002,Morton,Charlie,PIT,PIT,P,1992.84938756578,Charlie,Morton,3.15
morrb002,Morris,Bryan,PIT,PIT,P,1778.8401086603,Bryan,Morris,0.48
mornj001,Morneau,Justin,PIT,PIT,1B,739.789633614478,Justin,Morneau,207.83
mercj002,Mercer,Jordy,PIT,PIT,2B,1084.20108971283,Jordy,Mercer,127.05
melam001,Melancon,Mark,PIT,PIT,P,1860.94429539548,Mark,Melancon,0
mckem001,McKenry,Michael,PIT,PIT,C,1373.04861512969,Michael,McKenry,37.81
mcdoj003,McDonald,John,PIT,PIT,SS,1417.30218626411,John,McDonald,6.86
mcdoj004,McDonald,James,PIT,PIT,P,1584.23673821294,James,McDonald,2.33
mccua001,McCutchen,Andrew,PIT,PIT,OF,781.158812949463,Andrew,McCutchen,306.11
mazzv001,Mazzaro,Vin,PIT,PIT,P,1838.35282300987,Vin,Mazzaro,0.08
marts002,Marte,Starling,PIT,PIT,OF,847.711981138853,Starling,Marte,189.84
martr004,Martin,Russell,PIT,PIT,C,901.629794182329,Russell,Martin,175.67
lockj001,Locke,Jeff,PIT,PIT,P,2221.03450670687,Jeff,Locke,2.48
lirif001,Liriano,Francisco,PIT,PIT,P,2282.60970521081,Francisco,Liriano,3.05
lamba001,Lambo,Andrew,PIT,PIT,OF,1463.90547912123,Andrew,Lambo,8.85
joneg002,Jones,Garrett,PIT,PIT,1B,977.054176950012,Garrett,Jones,150.56
johnk004,Johnson,Kris,PIT,PIT,P,1536.36381556133,Kris,Johnson,-0.1
irwip001,Irwin,Phil,PIT,PIT,P,1517.68951861099,Phil,Irwin,-0.2
ingeb001,Inge,Brandon,PIT,PIT,3B,1369.42112288779,Brandon,Inge,19.93
hughj001,Hughes,Jared,PIT,PIT,P,1618.98154854364,Jared,Hughes,-0.4
harrj002,Harrison,Josh,PIT,PIT,3B,1402.32938186432,Josh,Harrison,36.96
grilj001,Grilli,Jason,PIT,PIT,P,1744.53270680083,Jason,Grilli,0
gomej002,Gomez,Jeanmar,PIT,PIT,P,1860.3185493381,Jeanmar,Gomez,-0.92
cumpb001,Cumpton,Brandon,PIT,PIT,P,1617.53576384921,Brandon,Cumpton,0.09
contj002,Contreras,Jose,PIT,PIT,P,1515.75095951827,Jose,Contreras,0
coleg001,Cole,Gerrit,PIT,PIT,P,2053.80347054433,Gerrit,Cole,7.9
byrdm001,Byrd,Marlon,PIT,PIT,OF,831.081672791759,Marlon,Byrd,191.41
buckj001,Buck,John,PIT,PIT,C,1006.94689457827,John,Buck,140.69
blacv001,Black,Vic,PIT,PIT,P,1573.01409083314,Vic,Black,0
barmc001,Barmes,Clint,PIT,PIT,SS,1069.48155345375,Clint,Barmes,81.97
alvap001,Alvarez,Pedro,PIT,PIT,3B,707.676790057805,Pedro,Alvarez,236.98
younm003,Young,Michael,PHI,PHI,SS,852.153283746619,Michael,Young,178.58
wellc001,Wells,Casper,PHI,PHI,OF,1381.52872070873,Casper,Wells,9.38
valdr002,Valdes,Raul,PHI,PHI,P,1627.42956786674,Raul,Valdes,1.3
utlec001,Utley,Chase,PHI,PHI,2B,921.010475847013,Chase,Utley,222.06
susds001,Susdorf,Steve,PHI,PHI,OF,1490.53517152722,Steve,Susdorf,1
stutm001,Stutes,Michael,PHI,PHI,P,1566.38100958954,Michael,Stutes,0
savej001,Savery,Joe,PHI,PHI,P,1578.88350237677,Joe,Savery,0.1
ruppc001,Rupp,Cameron,PHI,PHI,C,1489.03446921742,Cameron,Rupp,5.23
ruizc001,Ruiz,Carlos,PHI,PHI,C,1120.85245059112,Carlos,Ruiz,121.87
ruf-d001,Ruf,Darin,PHI,PHI,1B,1196.2285752629,Darin,Ruf,105.79
rollj001,Rollins,Jimmy,PHI,PHI,SS,705.2590689217,Jimmy,Rollins,206.9
roblm001,Robles,Mauricio,PHI,PHI,P,1514.68243342535,Mauricio,Robles,0
reveb001,Revere,Ben,PHI,PHI,OF,1170.67381084627,Ben,Revere,107.5
pettj001,Pettibone,Jonathan,PHI,PHI,P,1906.39845518752,Jonathan,Pettibone,2.23
papej001,Papelbon,Jonathan,PHI,PHI,P,1791.1962643322,Jonathan,Papelbon,0
orr-p001,Orr,Pete,PHI,PHI,SS,1480.95689580106,Pete,Orr,3.3
nix-l001,Nix,Laynce,PHI,PHI,OF,1343.22675723902,Laynce,Nix,25.89
minez001,Miner,Zach,PHI,PHI,P,1596.80617190541,Zach,Miner,1.16
maybj001,Mayberry,John,PHI,PHI,OF,1066.17700311401,John,Mayberry,122.41
martm003,Martinez,Michael,PHI,PHI,2B,1450.08291434657,Michael,Martinez,6.21
marte002,Martin,Ethan,PHI,PHI,P,1643.42509040025,Ethan,Martin,-1.1
lerus001,Lerud,Steven,PHI,PHI,C,1492.2229592865,Steven,Lerud,-0.8
lee-c003,Lee,Cliff,PHI,PHI,P,2590.6745894693,Cliff,Lee,11.71
lannj001,Lannan,John,PHI,PHI,P,1767.92663807076,John,Lannan,3.97
krate001,Kratz,Erik,PHI,PHI,C,1256.76690873474,Erik,Kratz,72.94
kendk001,Kendrick,Kyle,PHI,PHI,P,2357.03334786484,Kyle,Kendrick,6.86
jimec002,Jimenez,Cesar,PHI,PHI,P,1567.09010612782,Cesar,Jimenez,0
howar001,Howard,Ryan,PHI,PHI,1B,1160.37459579532,Ryan,Howard,117.88
horsj001,Horst,Jeremy,PHI,PHI,P,1583.44297211729,Jeremy,Horst,0
hernc005,Hernandez,Cesar,PHI,PHI,2B,1377.81961944439,Cesar,Hernandez,40.37
hamec001,Hamels,Cole,PHI,PHI,P,2576.74398042273,Cole,Hamels,11.03
hallr001,Halladay,Roy,PHI,PHI,P,1700.81385786362,Roy,Halladay,-1.86
garcl005,Garcia,Luis,PHI,PHI,P,1607.35227282447,Luis,Garcia,-0.2
galvf001,Galvis,Freddy,PHI,PHI,SS,1263.89865824843,Freddy,Galvis,68.56
frank001,Frandsen,Kevin,PHI,PHI,2B,1201.07468025969,Kevin,Frandsen,91.69
durbc001,Durbin,Chad,PHI,PHI,P,1554.1405712189,Chad,Durbin,0
diekj001,Diekman,Jake,PHI,PHI,P,1670.03546765363,Jake,Diekman,0
defrj001,De Fratus,Justin,PHI,PHI,P,1705.04603917076,Justin,De Fratus,0
cloyt001,Cloyd,Tyler,PHI,PHI,P,1682.87856626141,Tyler,Cloyd,3.61
carre001,Carrera,Ezequiel,PHI,PHI,OF,1483.98142758273,Ezequiel,Carrera,2.41
browd004,Brown,Domonic,PHI,PHI,OF,893.305673215843,Domonic,Brown,229.12
basta001,Bastardo,Antonio,PHI,PHI,P,1684.02007525127,Antonio,Bastardo,0
aumop001,Aumont,Phillippe,PHI,PHI,P,1557.07090578882,Phillippe,Aumont,0
aschc001,Asche,Cody,PHI,PHI,3B,1308.2671642657,Cody,Asche,61.44
adamm001,Adams,Mike,PHI,PHI,P,1596.27824454789,Mike,Adams,0
younc004,Young,Chris,OAK,OAK,OF,1056.039075733,Chris,Young,118.55
weekj001,Weeks,Jemile,OAK,OAK,2B,1491.88375009062,Jemile,Weeks,-0.12
vogts001,Vogt,Stephen,OAK,OAK,C,1309.68503057979,Stephen,Vogt,49.5
taylm001,Taylor,Michael,OAK,OAK,OF,1468.7769246908,Michael,Taylor,1.26
strad003,Straily,Dan,OAK,OAK,P,2306.58542030744,Dan,Straily,0.29
sogae001,Sogard,Eric,OAK,OAK,2B,1020.51361287588,Eric,Sogard,137.31
smits002,Smith,Seth,OAK,OAK,OF,1017.62193283575,Seth,Smith,139.55
sizes001,Sizemore,Scott,OAK,OAK,2B,1495.35981218038,Scott,Sizemore,0.8
scrie001,Scribner,Evan,OAK,OAK,P,1611.54322469808,Evan,Scribner,0
resoc001,Resop,Chris,OAK,OAK,P,1565.36889173739,Chris,Resop,0
reddj001,Reddick,Josh,OAK,OAK,OF,939.735820283432,Josh,Reddick,156.92
petes002,Peterson,Shane,OAK,OAK,OF,1491.79451846509,Shane,Peterson,1.72
parra001,Parrino,Andy,OAK,OAK,2B,1461.93057994671,Andy,Parrino,3.89
parkj001,Parker,Jarrod,OAK,OAK,P,2566.47629276221,Jarrod,Parker,0
oterd001,Otero,Dan,OAK,OAK,P,1701.55862987482,Dan,Otero,0
okajh001,Okajima,Hideki,OAK,OAK,P,1517.98072636637,Hideki,Okajima,0
norrd001,Norris,Derek,OAK,OAK,C,1180.50000879142,Derek,Norris,110.23
neshp001,Neshek,Pat,OAK,OAK,P,1672.52046364108,Pat,Neshek,0
mossb001,Moss,Brandon,OAK,OAK,OF,922.281312340206,Brandon,Moss,219.02
montl002,Montz,Luke,OAK,OAK,C,1465.95462810468,Luke,Montz,9.4
lowrj001,Lowrie,Jed,OAK,OAK,SS,702.221341995419,Jed,Lowrie,261.13
jasoj001,Jaso,John,OAK,OAK,C,1280.71291255869,John,Jaso,91.01
greeg002,Green,Grant,OAK,OAK,2B,1362.47962120842,Grant,Green,47.25
frein001,Freiman,Nate,OAK,OAK,1B,1283.59454751831,Nate,Freiman,76.49
figup001,Figueroa,Pedro,OAK,OAK,P,1508.30569768224,Pedro,Figueroa,0
dools001,Doolittle,Sean,OAK,OAK,P,1862.97717047692,Sean,Doolittle,0
donaj001,Donaldson,Josh,OAK,OAK,C,749.470259821509,Josh,Donaldson,298.74
grays001,Gray,Sonny,OAK,OAK,P,1888.62883495778,Sonny,Gray,0
crisc001,Crisp,Coco,OAK,OAK,OF,821.428182736153,Coco,Crisp,232.86
cookr001,Cook,Ryan,OAK,OAK,P,1847.7292795519,Ryan,Cook,0
colob001,Colon,Bartolo,OAK,OAK,P,2499.82171568467,Bartolo,Colon,-0.6
choim001,Choice,Michael,OAK,OAK,OF,1486.4719244648,Michael,Choice,4.21
chavj001,Chavez,Jesse,OAK,OAK,P,1783.92561569067,Jesse,Chavez,-0.2
cespy001,Cespedes,Yoenis,OAK,OAK,OF,758.283092800714,Yoenis,Cespedes,210.25
calla001,Callaspo,Alberto,OAK,OAK,2B,1011.65398053277,Alberto,Callaspo,120.8
blevj001,Blevins,Jerry,OAK,OAK,P,1783.14750794418,Jerry,Blevins,-0.2
bartd001,Barton,Daric,OAK,OAK,1B,1379.6176408343,Daric,Barton,46.87
balfg001,Balfour,Grant,OAK,OAK,P,1830.52200388304,Grant,Balfour,0
andeb004,Anderson,Brett,OAK,OAK,P,1671.9243446049,Brett,Anderson,0
youne003,Young,Eric,NYN,NYN,OF,823.002949160446,Eric,Young,129.31
wrigd002,Wright,David,NYN,NYN,3B,1037.01165560346,David,Wright,218.93
valdj002,Valdespin,Jordany,NYN,NYN,2B,1357.02112214059,Jordany,Valdespin,41.65
turnj001,Turner,Justin,NYN,NYN,2B,1297.40611606776,Justin,Turner,69.6
tovaw001,Tovar,Wilfredo,NYN,NYN,SS,1478.24836099942,Wilfredo,Tovar,5.35
torrc001,Torres,Carlos,NYN,NYN,P,1874.30315973818,Carlos,Torres,0.82
tejar001,Tejada,Ruben,NYN,NYN,SS,1260.97846495408,Ruben,Tejada,54.85
satij001,Satin,Josh,NYN,NYN,OF,1304.01105509427,Josh,Satin,76.87
rices001,Rice,Scott,NYN,NYN,P,1706.8464601033,Scott,Rice,0
recka001,Recker,Anthony,NYN,NYN,C,1350.5681562337,Anthony,Recker,47.66
quino001,Quintanilla,Omar,NYN,NYN,SS,1093.68009830286,Omar,Quintanilla,97.61
parnb001,Parnell,Bobby,NYN,NYN,P,1721.9469303058,Bobby,Parnell,0
nieuk001,Nieuwenhuis,Kirk,NYN,NYN,OF,1396.39329561244,Kirk,Nieuwenhuis,33.65
murpd006,Murphy,Daniel,NYN,NYN,3B,662.159581569087,Daniel,Murphy,261.44
mejij001,Mejia,Jenrry,NYN,NYN,P,1597.0240976707,Jenrry,Mejia,-1.2
mchuc001,McHugh,Collin,NYN,NYN,P,1557.24456064353,Collin,McHugh,0.68
matsd001,Matsuzaka,Daisuke,NYN,NYN,P,1640.85452100013,Daisuke,Matsuzaka,2.49
marcs001,Marcum,Shaun,NYN,NYN,P,1762.15070300241,Shaun,Marcum,3.08
lyonb003,Lyon,Brandon,NYN,NYN,P,1615.91476635868,Brandon,Lyon,0
lutzz001,Lutz,Zach,NYN,NYN,3B,1487.00832585129,Zach,Lutz,10.36
lagaj001,Lagares,Juan,NYN,NYN,OF,984.319014082633,Juan,Lagares,120.25
hefnj001,Hefner,Jeremy,NYN,NYN,P,2034.57969818347,Jeremy,Hefner,-1.54
henns001,Henn,Sean,NYN,NYN,P,1505.12418644204,Sean,Henn,0
hawkl001,Hawkins,LaTroy,NYN,NYN,P,1820.23197411382,LaTroy,Hawkins,0
harvm001,Harvey,Matt,NYN,NYN,P,2316.4515790833,Matt,Harvey,2.33
germg001,Germen,Gonzalez,NYN,NYN,P,1643.53976856807,Gonzalez,Germen,-0.2
gee-d001,Gee,Dillon,NYN,NYN,P,2461.80511181022,Dillon,Gee,7.58
franf001,Francisco,Frank,NYN,NYN,P,1526.38917459489,Frank,Francisco,0
florw001,Flores,Wilmer,NYN,NYN,3B,1386.55443112125,Wilmer,Flores,29
felip002,Feliciano,Pedro,NYN,NYN,P,1547.15760695568,Pedro,Feliciano,0
famij001,Familia,Jeurys,NYN,NYN,P,1528.54031332274,Jeurys,Familia,0
edgij001,Edgin,Josh,NYN,NYN,P,1609.00751364094,Josh,Edgin,0
dudal001,Duda,Lucas,NYN,NYN,OF,1120.54434408916,Lucas,Duda,131.82
dendm001,den Dekker,Matt,NYN,NYN,OF,1439.06091686702,Matt,den Dekker,15.74
davii001,Davis,Ike,NYN,NYN,1B,1099.50268500263,Ike,Davis,117.18
darnt001,d'Arnaud,Travis,NYN,NYN,C,1379.30446505711,Travis,d'Arnaud,27.59
cowgc001,Cowgill,Collin,NYN,NYN,OF,1348.71503601273,Collin,Cowgill,27.53
centj001,Centeno,Juan,NYN,NYN,C,1489.49442841676,Juan,Centeno,3.19
carsr001,Carson,Robert,NYN,NYN,P,1564.63994708151,Robert,Carson,0.69
byrdt001,Byrdak,Tim,NYN,NYN,P,1515.32605705098,Tim,Byrdak,0
burkg001,Burke,Greg,NYN,NYN,P,1618.13339465906,Greg,Burke,-0.2
browa003,Brown,Andrew,NYN,NYN,OF,1334.02872696799,Andrew,Brown,57.79
baxtm001,Baxter,Mike,NYN,NYN,OF,1353.71341477743,Mike,Baxter,37.58
atchs001,Atchison,Scott,NYN,NYN,P,1696.98994864321,Scott,Atchison,0
ankir001,Ankiel,Rick,NYN,NYN,OF,1344.25169673341,Rick,Ankiel,20.34
aardd001,Aardsma,David,NYN,NYN,P,1670.06263909377,David,Aardsma,0
youkk001,Youkilis,Kevin,NYA,NYA,3B,1377.76797971209,Kevin,Youkilis,33.6
wellv001,Wells,Vernon,NYA,NYA,OF,950.364721103822,Vernon,Wells,148.48
warra001,Warren,Adam,NYA,NYA,P,1843.08239700884,Adam,Warren,0
teixm001,Teixeira,Mark,NYA,NYA,1B,1425.99942437656,Mark,Teixeira,22.2
suzui001,Suzuki,Ichiro,NYA,NYA,OF,818.856748168393,Ichiro,Suzuki,169.62
stewc001,Stewart,Chris,NYA,NYA,C,1100.1250355849,Chris,Stewart,96.65
soria001,Soriano,Alfonso,NYA,NYA,OF,796.594640234369,Alfonso,Soriano,141.17
romia002,Romine,Austin,NYA,NYA,C,1326.87260951624,Austin,Romine,35.56
rodra001,Rodriguez,Alex,NYA,NYA,3B,1311.5234693152,Alex,Rodriguez,66.3
robed002,Robertson,David,NYA,NYA,P,1806.43199936634,David,Robertson,0
rivem002,Rivera,Mariano,NYA,NYA,P,1807.09203712828,Mariano,Rivera,0
reynm001,Reynolds,Mark,NYA,NYA,3B,945.95847237886,Mark,Reynolds,126.55
pheld001,Phelps,David,NYA,NYA,P,1870.5152079279,David,Phelps,-0.4
petta001,Pettitte,Andy,NYA,NYA,P,2438.30271941835,Andy,Pettitte,-0.2
overl001,Overbay,Lyle,NYA,NYA,1B,913.607038704212,Lyle,Overbay,165.6
nunov001,Nuno,Vidal,NYA,NYA,P,1576.26250297453,Vidal,Nuno,0
nunee002,Nunez,Eduardo,NYA,NYA,SS,1108.47035088302,Eduardo,Nunez,109.34
novai001,Nova,Ivan,NYA,NYA,P,2192.20239635194,Ivan,Nova,-0.6
nix-j001,Nix,Jayson,NYA,NYA,2B,1175.38141724028,Jayson,Nix,87.33
nelsc001,Nelson,Chris,NYA,NYA,SS,1291.20686886756,Chris,Nelson,38.7
nealt001,Neal,Thomas,NYA,NYA,OF,1481.03688926065,Thomas,Neal,2.37
millj005,Miller,Jim,NYA,NYA,P,1504.3893299378,Jim,Miller,0
mesam001,Mesa,Melky,NYA,NYA,P,1487.98511605975,Melky,Mesa,5.66
marsb001,Marshall,Brett,NYA,NYA,P,1537.83424285406,Brett,Marshall,0
logab001,Logan,Boone,NYA,NYA,P,1668.06839922125,Boone,Logan,0
lillb001,Lillibridge,Brent,NYA,NYA,SS,1428.35548405027,Brent,Lillibridge,7.24
kuroh001,Kuroda,Hiroki,NYA,NYA,P,2529.80713304064,Hiroki,Kuroda,-0.6
kells001,Kelley,Shawn,NYA,NYA,P,1739.48466445113,Shawn,Kelley,0
josec001,Joseph,Corban,NYA,NYA,2B,1494.81424532724,Corban,Joseph,1.69
jeted001,Jeter,Derek,NYA,NYA,SS,1407.64797799057,Derek,Jeter,21.57
ishit001,Ishikawa,Travis,NYA,NYA,1B,1478.29508338601,Travis,Ishikawa,1.6
hughp001,Hughes,Phil,NYA,NYA,P,2248.32185303421,Phil,Hughes,-0.1
huffd001,Huff,David,NYA,NYA,P,1659.78346439762,David,Huff,0
hafnt001,Hafner,Travis,NYA,NYA,1B,1164.49030426999,Travis,Hafner,101.1
granc001,Granderson,Curtis,NYA,NYA,RF,1230.18693918559,Curtis,Granderson,74.18
gonza005,Gonzalez,Alberto,NYA,NYA,SS,1448.4096584428,Alberto,Gonzalez,7.6
gardb001,Gardner,Brett,NYA,NYA,OF,811.628546666622,Brett,Gardner,213.1
franb001,Francisco,Ben,NYA,NYA,OF,1444.36327824894,Ben,Francisco,8.22
epplc001,Eppley,Cody,NYA,NYA,P,1507.35542334084,Cody,Eppley,0
dalem002,Daley,Matt,NYA,NYA,P,1526.22808526236,Matt,Daley,0
cruzl001,Cruz,Luis,NYA,NYA,2B,1274.20390889127,Luis,Cruz,20.63
claip001,Claiborne,Preston,NYA,NYA,P,1721.39843809649,Preston,Claiborne,0
chamj002,Chamberlain,Joba,NYA,NYA,P,1687.22983586701,Joba,Chamberlain,0
cervf001,Cervelli,Francisco,NYA,NYA,C,1452.66252749035,Francisco,Cervelli,27.02
canor001,Cano,Robinson,NYA,NYA,2B,758.899673675748,Robinson,Cano,323.92
cabrc001,Cabral,Cesar,NYA,NYA,P,1514.33585535974,Cesar,Cabral,0
brigr001,Brignac,Reid,NYA,NYA,SS,1398.99424900655,Reid,Brignac,16.79
bootc001,Bootcheck,Chris,NYA,NYA,P,1498.84055090587,Chris,Bootcheck,0
boesb001,Boesch,Brennan,NYA,NYA,OF,1450.22962362713,Brennan,Boesch,22.51
betad001,Betances,Dellin,NYA,NYA,P,1518.58187798137,Dellin,Betances,0
almoz001,Almonte,Zoilo,NYA,NYA,OF,1384.11865186372,Zoilo,Almonte,31.75
adamd001,Adams,David,NYA,NYA,2B,1332.53413977479,David,Adams,37.13
worlv001,Worley,Vance,MIN,MIN,P,1633.02726967989,Vance,Worley,0
willj004,Willingham,Josh,MIN,MIN,OF,1019.21867624718,Josh,Willingham,159.5
tonkm001,Tonkin,Michael,MIN,MIN,P,1553.37034083876,Michael,Tonkin,0
thomc002,Thomas,Clete,MIN,MIN,OF,1122.28420329544,Clete,Thomas,75.57
thiec001,Thielbar,Caleb,MIN,MIN,P,1715.18536571991,Caleb,Thielbar,0
swara001,Swarzak,Anthony,MIN,MIN,P,1937.91199535136,Anthony,Swarzak,-0.2
roenj001,Roenicke,Josh,MIN,MIN,P,1781.52190997739,Josh,Roenicke,0
robet001,Robertson,Tyler,MIN,MIN,P,1503.05721801719,Tyler,Robertson,0
ramiw001,Ramirez,Wilkin,MIN,MIN,OF,1416.22693767483,Wilkin,Ramirez,24.74
presr001,Pressly,Ryan,MIN,MIN,P,1832.9334751589,Ryan,Pressly,0
plout001,Plouffe,Trevor,MIN,MIN,SS,902.02341264013,Trevor,Plouffe,174.45
pintj001,Pinto,Josmil,MIN,MIN,C,1433.62956740391,Josmil,Pinto,38.34
perkg001,Perkins,Glen,MIN,MIN,P,1767.88037904252,Glen,Perkins,0
pelfm001,Pelfrey,Mike,MIN,MIN,P,2252.76509713777,Mike,Pelfrey,-0.2
parmc001,Parmelee,Chris,MIN,MIN,1B,1144.09624367031,Chris,Parmelee,98.73
mauej001,Mauer,Joe,MIN,MIN,C,1023.65793381377,Joe,Mauer,209.34
mastd002,Mastroianni,Darin,MIN,MIN,OF,1414.44925223834,Darin,Mastroianni,13.52
marts001,Martis,Shairon,MIN,MIN,P,1542.50891225323,Shairon,Martis,0
hicka001,Hicks,Aaron,MIN,MIN,OF,1143.42932059003,Aaron,Hicks,84.44
herrc001,Herrmann,Chris,MIN,MIN,C,1293.27880144428,Chris,Herrmann,50.8
hernp001,Hernandez,Pedro,MIN,MIN,P,1706.02622144062,Pedro,Hernandez,0
hendl001,Hendriks,Liam,MIN,MIN,P,1696.01810485171,Liam,Hendriks,0
gibsk002,Gibson,Kyle,MIN,MIN,P,1713.53960346281,Kyle,Gibson,0
fryee001,Fryer,Eric,MIN,MIN,C,1489.85091569263,Eric,Fryer,10.29
florp001,Florimon,Pedro,MIN,MIN,SS,951.520617397124,Pedro,Florimon,129.15
fienc001,Fien,Casey,MIN,MIN,P,1783.27190732554,Casey,Fien,0
escoe001,Escobar,Eduardo,MIN,MIN,SS,1320.11076611307,Eduardo,Escobar,48.31
duenb001,Duensing,Brian,MIN,MIN,P,1773.62695705868,Brian,Duensing,0
dozib001,Dozier,Brian,MIN,MIN,SS,745.002208206539,Brian,Dozier,218.29
doumr001,Doumit,Ryan,MIN,MIN,C,883.579850927776,Ryan,Doumit,186.52
diams001,Diamond,Scott,MIN,MIN,P,2110.72684208604,Scott,Diamond,0.28
devrc001,De Vries,Cole,MIN,MIN,P,1559.92371485887,Cole,De Vries,0
corrk001,Correia,Kevin,MIN,MIN,P,2403.84646954617,Kevin,Correia,-0.7
colac001,Colabello,Chris,MIN,MIN,3B,1306.66315138337,Chris,Colabello,51.19
carrj001,Carroll,Jamey,MIN,MIN,SS,1225.73256499411,Jamey,Carroll,50.58
buted001,Butera,Drew,MIN,MIN,C,1488.10490859643,Drew,Butera,0.08
burtj001,Burton,Jared,MIN,MIN,P,1824.18097493724,Jared,Burton,0
bernd001,Bernier,Doug,MIN,MIN,3B,1438.79331328259,Doug,Bernier,18.69
arcio001,Arcia,Oswaldo,MIN,MIN,OF,1079.38312405074,Oswaldo,Arcia,126.58
albea001,Albers,Andrew,MIN,MIN,P,1799.85781162707,Andrew,Albers,0
wootr001,Wooten,Rob,MIL,MIL,P,1606.75565369696,Rob,Wooten,-0.2
weekr001,Weeks,Rickie,MIL,MIL,2B,1072.03480485207,Rickie,Weeks,113.53
thort001,Thornburg,Tyler,MIL,MIL,P,1745.22465500869,Tyler,Thornburg,-1.4
seguj002,Segura,Jean,MIL,MIL,SS,807.980777768927,Jean,Segura,223.8
schal001,Schafer,Logan,MIL,MIL,OF,1113.16459514708,Logan,Schafer,100.89
rodrf003,Rodriguez,Francisco,MIL,MIL,P,1691.09293907701,Francisco,Rodriguez,0
ramia001,Ramirez,Aramis,MIL,MIL,3B,1157.60193823807,Aramis,Ramirez,150.87
prinj001,Prince,Josh,MIL,MIL,OF,1491.47727192782,Josh,Prince,1.69
peraw001,Peralta,Wily,MIL,MIL,P,2326.79186249631,Wily,Peralta,3.75
nelsj004,Nelson,Jimmy,MIL,MIL,P,1544.11139984832,Jimmy,Nelson,-0.4
narvc001,Narveson,Chris,MIL,MIL,P,1507.81521581619,Chris,Narveson,0
maldm001,Maldonado,Martin,MIL,MIL,C,1270.40080828023,Martin,Maldonado,51.92
lucrj001,Lucroy,Jonathan,MIL,MIL,C,836.75401147498,Jonathan,Lucroy,245.52
lohsk001,Lohse,Kyle,MIL,MIL,P,2447.87907147475,Kyle,Lohse,5.38
lallb001,Lalli,Blake,MIL,MIL,C,1471.69694171671,Blake,Lalli,2.74
kintb001,Kintzler,Brandon,MIL,MIL,P,1845.27134398905,Brandon,Kintzler,0
hendj001,Henderson,Jim,MIL,MIL,P,1776.38359890929,Jim,Henderson,0
hellj002,Hellweg,Johnny,MIL,MIL,P,1578.27409684721,Johnny,Hellweg,-0.7
handd001,Hand,Donovan,MIL,MIL,P,1753.81449065611,Donovan,Hand,1.2
halts002,Halton,Sean,MIL,MIL,1B,1387.46176779831,Sean,Halton,39.16
gorzt001,Gorzelanny,Tom,MIL,MIL,P,1839.86842853961,Tom,Gorzelanny,-0.82
gonza002,Gonzalez,Alex,MIL,MIL,SS,1371.80370004508,Alex,Gonzalez,23.35
gomec002,Gomez,Carlos,MIL,MIL,OF,844.275362086652,Carlos,Gomez,239.54
gindc001,Gindl,Caleb,MIL,MIL,OF,1354.20202972387,Caleb,Gindl,56.82
genns001,Gennett,Scooter,MIL,MIL,2B,1285.29093451565,Scooter,Gennett,87.73
gally001,Gallardo,Yovani,MIL,MIL,P,2342.66243738827,Yovani,Gallardo,11.3
franj005,Francisco,Juan,MIL,MIL,3B,1092.63477852197,Juan,Francisco,89
figaa001,Figaro,Alfredo,MIL,MIL,P,1813.85986009366,Alfredo,Figaro,3.14
estrm001,Estrada,Marco,MIL,MIL,P,2063.05205319838,Marco,Estrada,5.97
davik003,Davis,Khris,MIL,MIL,OF,1359.19609633404,Khris,Davis,74.08
burgh001,Burgos,Hiram,MIL,MIL,P,1581.10760212013,Hiram,Burgos,-0.12
braur002,Braun,Ryan,MIL,MIL,OF,1289.9237986427,Ryan,Braun,109.41
bianj001,Bianchi,Jeff,MIL,MIL,SS,1219.32908533066,Jeff,Bianchi,70.99
betay001,Betancourt,Yuniesky,MIL,MIL,SS,990.108138705572,Yuniesky,Betancourt,123.79
badeb001,Badenhop,Burke,MIL,MIL,P,1760.68097571374,Burke,Badenhop,-0.2
yelic001,Yelich,Christian,MIA,MIA,OF,1251.49597453766,Christian,Yelich,92.64
webbr001,Webb,Ryan,MIA,MIA,P,1849.1109801409,Ryan,Webb,0.48
velag002,Velazquez,Gil,MIA,MIA,SS,1498.0161668095,Gil,Velazquez,0
valac001,Valaika,Chris,MIA,MIA,SS,1432.67241554258,Chris,Valaika,21.56
turnj002,Turner,Jacob,MIA,MIA,P,1985.86176968143,Jacob,Turner,0.41
stanm004,Stanton,Giancarlo,MIA,MIA,OF,993.82503863898,Giancarlo,Stanton,200.74
solad001,Solano,Donovan,MIA,MIA,2B,1056.23272422454,Donovan,Solano,122.92
slowk001,Slowey,Kevin,MIA,MIA,P,1829.87399685969,Kevin,Slowey,0.36
skipk001,Skipworth,Kyle,MIA,MIA,C,1497.41900287006,Kyle,Skipworth,0.49
ruggj001,Ruggiano,Justin,MIA,MIA,OF,953.213269428712,Justin,Ruggiano,155.28
raucj001,Rauch,Jon,MIA,MIA,P,1545.05647016771,Jon,Rauch,0.1
qualc001,Qualls,Chad,MIA,MIA,P,1752.87264181561,Chad,Qualls,0
polap001,Polanco,Placido,MIA,MIA,SS,1040.93070397424,Placido,Polanco,126
pierj002,Pierre,Juan,MIA,MIA,OF,1142.66618053645,Juan,Pierre,87.25
philz001,Phillips,Zach,MIA,MIA,P,1503.14321107021,Zach,Phillips,0
olivm001,Olivo,Miguel,MIA,MIA,C,1428.24665298799,Miguel,Olivo,23.94
ozunm001,Ozuna,Marcell,MIA,MIA,OF,1202.53288886473,Marcell,Ozuna,99.35
olmoe001,Olmos,Edgar,MIA,MIA,P,1511.78581410756,Edgar,Olmos,0
nolar001,Nolasco,Ricky,MIA,MIA,P,2507.34120329731,Ricky,Nolasco,5.08
morrl001,Morrison,Logan,MIA,MIA,OF,1152.47809462424,Logan,Morrison,119.38
mathj001,Mathis,Jeff,MIA,MIA,C,1208.5731698355,Jeff,Mathis,67.33
marij002,Marisnick,Jake,MIA,MIA,OF,1366.13932720808,Jake,Marisnick,23.6
mainj001,Maine,John,MIA,MIA,P,1509.66190810789,John,Maine,0.1
mahoj001,Mahoney,Joe,MIA,MIA,1B,1473.86651534337,Joe,Mahoney,10.66
lucae001,Lucas,Ed,MIA,MIA,3B,1075.92316484724,Ed,Lucas,113.81
leblw001,LeBlanc,Wade,MIA,MIA,P,1677.94003615493,Wade,LeBlanc,1.46
kotcc001,Kotchman,Casey,MIA,MIA,1B,1468.54458873407,Casey,Kotchman,1.24
koeht001,Koehler,Tom,MIA,MIA,P,2094.72861653518,Tom,Koehler,-0.56
keara001,Kearns,Austin,MIA,MIA,OF,1477.16132641863,Austin,Kearns,5.56
jennd003,Jennings,Dan,MIA,MIA,P,1652.72981068113,Dan,Jennings,0
hillk002,Hill,Koyie,MIA,MIA,C,1419.08662610807,Koyie,Hill,6.44
hecha001,Hechavarria,Adeiny,MIA,MIA,3B,760.368935137169,Adeiny,Hechavarria,152.88
hatcc002,Hatcher,Chris,MIA,MIA,P,1530.18644915887,Chris,Hatcher,0
handb001,Hand,Brad,MIA,MIA,P,1568.6936711808,Brad,Hand,-0.4
green001,Green,Nick,MIA,MIA,2B,1449.70954383112,Nick,Green,19.51
flynb001,Flynn,Brian,MIA,MIA,P,1550.77385780465,Brian,Flynn,1.46
fernj003,Fernandez,Jose,MIA,MIA,P,2325.27165468684,Jose,Fernandez,12.32
eovan001,Eovaldi,Nathan,MIA,MIA,P,1927.0663936798,Nathan,Eovaldi,0.1
dysos001,Dyson,Sam,MIA,MIA,P,1537.64855641501,Sam,Dyson,0
dobbg001,Dobbs,Greg,MIA,MIA,3B,1231.49340562905,Greg,Dobbs,80.6
dietd001,Dietrich,Derek,MIA,MIA,2B,1251.35578322224,Derek,Dietrich,73.8
diazm003,Diaz,Matt,MIA,MIA,OF,1477.86372396199,Matt,Diaz,3.8
coghc001,Coghlan,Chris,MIA,MIA,OF,1289.30259197461,Chris,Coghlan,62.16
cishs001,Cishek,Steve,MIA,MIA,P,1804.63359025419,Steve,Cishek,0
camia001,Caminero,Arquimedes,MIA,MIA,P,1556.14640042997,Arquimedes,Caminero,0
browj006,Brown,Jordan,MIA,MIA,OF,1487.25282757499,Jordan,Brown,7.3
branr002,Brantly,Rob,MIA,MIA,C,1232.576603986,Rob,Brantly,60.33
belod001,Below,Duane,MIA,MIA,P,1506.61670567181,Duane,Below,0
amess001,Ames,Steve,MIA,MIA,P,1513.36205932917,Steve,Ames,0
alvah001,Alvarez,Henderson,MIA,MIA,P,1887.58132899935,Henderson,Alvarez,12.58
withc001,Withrow,Chris,LAN,LAN,P,1661.23326556698,Chris,Withrow,-0.1
wilsb001,Wilson,Brian,LAN,LAN,P,1575.33614901701,Brian,Wilson,0
wallj002,Wall,Josh,LAN,LAN,P,1514.43662873349,Josh,Wall,0
vanss001,Van Slyke,Scott,LAN,LAN,OF,1378.15217052669,Scott,Van Slyke,58.89
uribj002,Uribe,Juan,LAN,LAN,SS,997.003399352398,Juan,Uribe,161.66
tolls002,Tolleson,Shawn,LAN,LAN,P,1498.05573000822,Shawn,Tolleson,0
sellj002,Sellers,Justin,LAN,LAN,SS,1441.90857830587,Justin,Sellers,15.35
schus001,Schumaker,Skip,LAN,SLN,2B,1121.21707882965,Skip,Schumaker,115.72
ryu-h001,Ryu,Hyun-Jin,LAN,LAN,P,2404.3513711137,Hyun-Jin,Ryu,13.32
rodrp001,Rodriguez,Paco,LAN,LAN,P,1725.15751744608,Paco,Rodriguez,-0.2
ramih003,Ramirez,Hanley,LAN,LAN,SS,1163.24734391464,Hanley,Ramirez,178.24
puntn001,Punto,Nick,LAN,LAN,2B,1163.9004096518,Nick,Punto,98.26
puigy001,Puig,Yasiel,LAN,LAN,OF,1059.5800915261,Yasiel,Puig,180.32
moylp001,Moylan,Peter,LAN,LAN,P,1539.96120491499,Peter,Moylan,0
marmc001,Marmol,Carlos,LAN,LAN,P,1690.81615605194,Carlos,Marmol,0
magim001,Magill,Matt,LAN,LAN,P,1551.41400491811,Matt,Magill,-0.9
lillt001,Lilly,Ted,LAN,LAN,P,1559.67224088171,Ted,Lilly,-1
leagb001,League,Brandon,LAN,LAN,P,1709.97011745651,Brandon,League,0.69
kersc001,Kershaw,Clayton,LAN,LAN,P,2841.92388118501,Clayton,Kershaw,22.15
kempm001,Kemp,Matt,LAN,LAN,OF,1239.42444096659,Matt,Kemp,102.15
jansk001,Jansen,Kenley,LAN,LAN,P,1861.6610333068,Kenley,Jansen,0
herre001,Herrera,Elian,LAN,LAN,2B,1492.38468046018,Elian,Herrera,1.36
hernr002,Hernandez,Ramon,LAN,LAN,C,1455.38037012565,Ramon,Hernandez,20.28
hairj002,Hairston,Jerry,LAN,LAN,2B,1259.93354004711,Jerry,Hairston,66.08
guerm001,Guerrier,Matt,LAN,LAN,P,1634.82444787328,Matt,Guerrier,0
guerj002,Guerra,Javy,LAN,LAN,P,1531.53165919504,Javy,Guerra,0
greiz001,Greinke,Zack,LAN,LAN,P,2475.40359046837,Zack,Greinke,25.23
gordd002,Gordon,Dee,LAN,LAN,SS,1416.6989644003,Dee,Gordon,30.63
gonza003,Gonzalez,Adrian,LAN,LAN,1B,762.43817728427,Adrian,Gonzalez,274.67
garco001,Garcia,Onelki,LAN,LAN,P,1501.77522689828,Onelki,Garcia,0
fifes001,Fife,Stephen,LAN,LAN,P,1651.07826872988,Stephen,Fife,-0.83
fedet001,Federowicz,Tim,LAN,LAN,C,1318.1712958733,Tim,Federowicz,47.52
ethia001,Ethier,Andre,LAN,LAN,OF,900.254551026743,Andre,Ethier,207.35
ellim001,Ellis,Mark,LAN,LAN,SS,927.01263210218,Mark,Ellis,162.88
domij002,Dominguez,Jose,LAN,LAN,P,1527.93530276545,Jose,Dominguez,-0.2
crawc002,Crawford,Carl,LAN,LAN,OF,965.333331931076,Carl,Crawford,159.5
casta003,Castellanos,Alex,LAN,LAN,OF,1480.40205778943,Alex,Castellanos,3.81
capuc001,Capuano,Chris,LAN,LAN,P,1898.21976221279,Chris,Capuano,0.37
bussn001,Buss,Nick,LAN,LAN,OF,1478.81961759063,Nick,Buss,2.25
billc001,Billingsley,Chad,LAN,LAN,P,1520.2233669411,Chad,Billingsley,-0.4
belir001,Belisario,Ronald,LAN,LAN,P,1771.32172528724,Ronald,Belisario,0
beckj002,Beckett,Josh,LAN,LAN,P,1615.24316771843,Josh,Beckett,1.27
venty001,Ventura,Yordano,KCA,KCA,P,1565.44949619862,Yordano,Ventura,0
tejam001,Tejada,Miguel,KCA,KCA,SS,1331.18003716195,Miguel,Tejada,59.96
teafe001,Teaford,Everett,KCA,KCA,P,1502.72676094119,Everett,Teaford,0
smitw002,Smith,Will,KCA,KCA,P,1653.39637125696,Will,Smith,0
shiej002,Shields,James,KCA,KCA,P,2701.24480820138,James,Shields,0.68
sante001,Santana,Ervin,KCA,KCA,P,2612.28273448336,Ervin,Santana,0.48
peres002,Perez,Salvador,KCA,KCA,C,894.759376944232,Salvador,Perez,216.43
penac001,Pena,Carlos,KCA,KCA,1B,1169.60014733204,Carlos,Pena,97.21
mousm001,Moustakas,Mike,KCA,KCA,3B,878.169474362977,Mike,Moustakas,158.12
moora001,Moore,Adam,KCA,KCA,C,1490.41368837231,Adam,Moore,3.45
mendl001,Mendoza,Luis,KCA,KCA,P,1905.28353917591,Luis,Mendoza,2.11
maxwj002,Maxwell,Justin,KCA,KCA,OF,1251.53764123164,Justin,Maxwell,45.83
lougd001,Lough,David,KCA,KCA,OF,1111.34059006745,David,Lough,117.09
kottg001,Kottaras,George,KCA,KCA,C,1389.17850496467,George,Kottaras,41.42
josed001,Joseph,Donnie,KCA,KCA,P,1524.36662906139,Donnie,Joseph,0
johne002,Johnson,Elliot,KCA,KCA,2B,1185.95436464699,Elliot,Johnson,34.6
hosme001,Hosmer,Eric,KCA,KCA,1B,715.565684963561,Eric,Hosmer,273.21
hollg001,Holland,Greg,KCA,KCA,P,1813.17884979838,Greg,Holland,0
hochl001,Hochevar,Luke,KCA,KCA,P,1832.56949301463,Luke,Hochevar,0
herrk001,Herrera,Kelvin,KCA,KCA,P,1752.15651707382,Kelvin,Herrera,0
hayeb001,Hayes,Brett,KCA,KCA,C,1480.90229837209,Brett,Hayes,7.36
guthj001,Guthrie,Jeremy,KCA,KCA,P,2532.24269302129,Jeremy,Guthrie,0.48
gorda001,Gordon,Alex,KCA,KCA,OF,660.432457902201,Alex,Gordon,258.95
giavj001,Giavotella,Johnny,KCA,KCA,2B,1452.62006270346,Johnny,Giavotella,15.97
getzc001,Getz,Chris,KCA,KCA,2B,1234.14737018658,Chris,Getz,69.41
falui001,Falu,Irving,KCA,KCA,2B,1495.13565986448,Irving,Falu,0.88
escoa003,Escobar,Alcides,KCA,KCA,SS,651.729011771928,Alcides,Escobar,181.61
dysoj001,Dyson,Jarrod,KCA,KCA,OF,1251.36485743083,Jarrod,Dyson,79.8
dwyec001,Dwyer,Chris,KCA,KCA,P,1512.98024294876,Chris,Dwyer,0
duffd001,Duffy,Danny,KCA,KCA,P,1600.10799810555,Danny,Duffy,0
daviw001,Davis,Wade,KCA,KCA,P,2124.42630014722,Wade,Davis,-0.3
crowa001,Crow,Aaron,KCA,KCA,P,1703.83571847296,Aaron,Crow,0
collt001,Collins,Tim,KCA,KCA,P,1724.99209912579,Tim,Collins,0
colel001,Coleman,Louis,KCA,KCA,P,1626.05603507719,Louis,Coleman,0
chenb001,Chen,Bruce,KCA,KCA,P,2119.42497899735,Bruce,Chen,0.68
cainl001,Cain,Lorenzo,KCA,KCA,OF,1014.41015156935,Lorenzo,Cain,144.16
butlb003,Butler,Billy,KCA,KCA,OF,772.929607834683,Billy,Butler,271.15
buenf001,Bueno,Francisley,KCA,KCA,P,1536.87487671587,Francisley,Bueno,0
zeidj001,Zeid,Josh,HOU,HOU,P,1610.40110701673,Josh,Zeid,0
wallb001,Wallace,Brett,HOU,HOU,1B,1186.48892480891,Brett,Wallace,92.49
villj001,Villar,Jonathan,HOU,HOU,SS,1246.60913285313,Jonathan,Villar,59.5
veraj001,Veras,Jose,HOU,HOU,P,1801.95616343798,Jose,Veras,0
stasm001,Stassi,Max,HOU,HOU,C,1492.51595423311,Max,Stassi,2.83
peacb001,Peacock,Brad,HOU,HOU,P,1849.53229882664,Brad,Peacock,0.1
parej002,Paredes,Jimmy,HOU,HOU,SS,1344.68783962596,Jimmy,Paredes,26.48
norrb001,Norris,Bud,HOU,HOU,P,2282.27600368369,Bud,Norris,1.76
martf002,Martinez,Fernando,HOU,HOU,OF,1465.30008494432,Fernando,Martinez,7.64
martd005,Martinez,David,HOU,HOU,P,1549.02074392061,David,Martinez,0
lylej001,Lyles,Jordan,HOU,HOU,P,2168.73210716005,Jordan,Lyles,-0.9
lairb001,Laird,Brandon,HOU,HOU,3B,1409.77284918847,Brandon,Laird,23.58
keucd001,Keuchel,Dallas,HOU,HOU,P,2224.83439005018,Dallas,Keuchel,-0.4
humbp001,Humber,Philip,HOU,HOU,P,1707.26025967687,Philip,Humber,0
pagnm001,Pagnozzi,Matt,HOU,HOU,C,1474.85336367847,Matt,Pagnozzi,2.73
oberb001,Oberholtzer,Brett,HOU,HOU,P,1828.90204541856,Brett,Oberholtzer,0
lo--c001,Lo,Chia-Jen,HOU,HOU,P,1576.49293538646,Chia-Jen,Lo,0
kraum001,Krauss,Marc,HOU,HOU,OF,1338.9208381917,Marc,Krauss,40.79
harrl002,Harrell,Lucas,HOU,HOU,P,2229.41188578761,Lucas,Harrell,1.86
grosr001,Grossman,Robbie,HOU,HOU,OF,1202.30157760341,Robbie,Grossman,87.52
gonzm002,Gonzalez,Marwin,HOU,HOU,SS,1258.3143492869,Marwin,Gonzalez,57.13
fielj002,Fields,Josh,HOU,HOU,P,1654.34615948191,Josh,Fields,0
elmoj001,Elmore,Jake,HOU,HOU,2B,1369.16855364018,Jake,Elmore,36.45
domim001,Dominguez,Matt,HOU,HOU,3B,790.298872165399,Matt,Dominguez,211.15
delej002,De Leon,Jorge,HOU,HOU,P,1538.83058407451,Jorge,De Leon,0
cruzr001,Cruz,Rhiner,HOU,HOU,P,1561.68976205787,Rhiner,Cruz,0
crowt001,Crowe,Trevor,HOU,HOU,OF,1304.15750107323,Trevor,Crowe,49.46
cosaj001,Cosart,Jarred,HOU,HOU,P,1760.4413551872,Jarred,Cosart,0
corpc001,Corporan,Carlos,HOU,HOU,C,1272.59668678174,Carlos,Corporan,62.28
clemp002,Clemens,Paul,HOU,HOU,P,1824.33247027372,Paul,Clemens,0
clarc001,Clark,Cody,HOU,HOU,C,1446.31269165476,Cody,Clark,1.63
cisnj001,Cisnero,Jose,HOU,HOU,P,1666.62541748987,Jose,Cisnero,-0.2
chapk002,Chapman,Kevin,HOU,HOU,P,1580.41214025185,Kevin,Chapman,0
castj006,Castro,Jason,HOU,HOU,C,979.092619792988,Jason,Castro,189.59
cartc002,Carter,Chris,HOU,HOU,OF,836.19245536745,Chris,Carter,211.54
bedae001,Bedard,Erik,HOU,HOU,P,2211.71971084116,Erik,Bedard,-0.1
barnb002,Barnes,Brandon,HOU,HOU,OF,979.028542651589,Brandon,Barnes,125.13
ambrh001,Ambriz,Hector,HOU,HOU,P,1624.284291487,Hector,Ambriz,0
altuj001,Altuve,Jose,HOU,HOU,2B,692.70257350613,Jose,Altuve,220.78
wortd001,Worth,Danny,DET,DET,2B,1497.79307510595,Danny,Worth,-0.2
villb002,Villarreal,Brayan,DET,DET,P,1503.51536949877,Brayan,Villarreal,0
verlj001,Verlander,Justin,DET,DET,P,2779.4049269767,Justin,Verlander,-0.2
valvj001,Valverde,Jose,DET,DET,P,1575.37871409966,Jose,Valverde,0
tuiam001,Tuiasosopo,Matt,DET,DET,3B,1337.99640096428,Matt,Tuiasosopo,74.93
smyld001,Smyly,Drew,DET,DET,P,1863.28075579684,Drew,Smyly,0
schem001,Scherzer,Max,DET,DET,P,2789.46427291756,Max,Scherzer,1.95
santr002,Santiago,Ramon,DET,DET,2B,1258.68380008589,Ramon,Santiago,64.4
sanca004,Sanchez,Anibal,DET,DET,P,2563.2702317485,Anibal,Sanchez,0.09
reede002,Reed,Evan,DET,DET,P,1596.10329927843,Evan,Reed,0
rondb001,Rondon,Bruce,DET,DET,P,1618.5483515701,Bruce,Rondon,0
putkl001,Putkonen,Luke,DET,DET,P,1621.07296407249,Luke,Putkonen,0
porcr001,Porcello,Rick,DET,DET,P,2385.73526847914,Rick,Porcello,0.88
pereh001,Perez,Hernan,DET,DET,2B,1429.76538784711,Hernan,Perez,14.74
peraj001,Peralta,Jhonny,DET,DET,SS,1024.33515131361,Jhonny,Peralta,176.98
penab002,Pena,Brayan,DET,DET,C,1255.03525429698,Brayan,Pena,84.4
ortej001,Ortega,Jose,DET,DET,P,1539.9156020794,Jose,Ortega,0
martv001,Martinez,Victor,DET,DET,C,719.810858074872,Victor,Martinez,274.87
kelld001,Kelly,Don,DET,DET,OF,1244.26653766987,Don,Kelly,84.15
jacka001,Jackson,Austin,DET,DET,OF,744.164868301195,Austin,Jackson,209.72
infao001,Infante,Omar,DET,DET,SS,949.902493625482,Omar,Infante,191.12
iglej001,Iglesias,Jose,DET,DET,SS,1119.16172183276,Jose,Iglesias,88.66
huntt001,Hunter,Torii,DET,DET,CF,687.385140412124,Torii,Hunter,260.25
holab001,Holaday,Bryan,DET,DET,C,1476.30693501268,Bryan,Holaday,11.76
garca003,Garcia,Avisail,DET,DET,OF,1266.86221206687,Avisail,Garcia,63.42
fistd001,Fister,Doug,DET,DET,P,2600.98244389235,Doug,Fister,2.51
fielp001,Fielder,Prince,DET,DET,1B,672.771831374315,Prince,Fielder,306.65
downd001,Downs,Darin,DET,DET,P,1637.23012102376,Darin,Downs,0
doteo001,Dotel,Octavio,DET,DET,P,1505.57209922898,Octavio,Dotel,0
dirka001,Dirks,Andy,DET,DET,OF,978.300010961794,Andy,Dirks,157.47
cokep001,Coke,Phil,DET,DET,P,1658.13687086226,Phil,Coke,0
castn001,Castellanos,Nick,DET,DET,OF,1483.81817820053,Nick,Castellanos,4.2
cabrm001,Cabrera,Miguel,DET,DET,3B,865.411577707659,Miguel,Cabrera,377.68
benoj001,Benoit,Joaquin,DET,DET,P,1843.81852863967,Joaquin,Benoit,0
avila001,Avila,Alex,DET,DET,C,1066.14151839589,Alex,Avila,127.58
alvaj003,Alvarez,Jose,DET,DET,P,1676.30828073602,Jose,Alvarez,0.69
albua001,Alburquerque,Al,DET,DET,P,1736.33980593902,Al,Alburquerque,0
wheer001,Wheeler,Ryan,COL,COL,3B,1460.49785159511,Ryan,Wheeler,12.5
volsc001,Volstad,Chris,COL,COL,P,1516.10066063172,Chris,Volstad,0
tulot001,Tulowitzki,Troy,COL,COL,SS,1058.9707872519,Troy,Tulowitzki,245.87
torry001,Torrealba,Yorvit,COL,COL,C,1319.10740853055,Yorvit,Torrealba,57.59
scahr001,Scahill,Rob,COL,COL,P,1606.80687435449,Rob,Scahill,0
rutlj001,Rutledge,Josh,COL,COL,SS,1193.43524766747,Josh,Rutledge,90.62
rosaw001,Rosario,Wilin,COL,COL,C,1025.94597399209,Wilin,Rosario,195.09
pomed001,Pomeranz,Drew,COL,COL,P,1533.62603080489,Drew,Pomeranz,-0.1
pachj001,Pacheco,Jordan,COL,COL,C,1247.71424868971,Jordan,Pacheco,75.98
outmj001,Outman,Josh,COL,COL,P,1676.37727734709,Josh,Outman,-0.4
ottaa001,Ottavino,Adam,COL,COL,P,1806.85621037913,Adam,Ottavino,-0.12
oswar001,Oswalt,Roy,COL,COL,P,1587.57841172642,Roy,Oswalt,1.46
nicaj001,Nicasio,Juan,COL,COL,P,2182.24224622065,Juan,Nicasio,6.41
mansj001,Manship,Jeff,COL,COL,P,1591.9051991781,Jeff,Manship,-0.4
lopew001,Lopez,Wilton,COL,COL,P,1773.64326252335,Wilton,Lopez,-0.2
lemad001,LeMahieu,DJ,COL,COL,2B,1054.3432139649,DJ,LeMahieu,133.46
kensl001,Kensing,Logan,COL,COL,P,1502.45757186504,Logan,Kensing,0
herrj002,Herrera,Jonathan,COL,COL,2B,1331.02044925335,Jonathan,Herrera,72.06
heltt001,Helton,Todd,COL,COL,1B,1041.09797466016,Todd,Helton,167.78
gonzc001,Gonzalez,Carlos,COL,COL,OF,1129.59426605842,Carlos,Gonzalez,204.97
garlj001,Garland,Jon,COL,COL,P,1689.83517053084,Jon,Garland,2.16
franj003,Francis,Jeff,COL,COL,P,1722.21468519614,Jeff,Francis,3.75
fowld001,Fowler,Dexter,COL,COL,OF,1062.73267977752,Dexter,Fowler,177.18
escae001,Escalona,Edgmer,COL,COL,P,1634.95115850717,Edgmer,Escalona,-0.5
dickc002,Dickerson,Corey,COL,COL,OF,1316.33369646976,Corey,Dickerson,73.34
culbc001,Culberson,Charlie,COL,COL,2B,1412.70520865221,Charlie,Culberson,37.16
cuddm001,Cuddyer,Michael,COL,COL,OF,1033.4574493338,Michael,Cuddyer,253.71
colvt001,Colvin,Tyler,COL,COL,OF,1422.05099057314,Tyler,Colvin,18.03
chatt001,Chatwood,Tyler,COL,COL,P,1873.63058047125,Tyler,Chatwood,16.21
chacj001,Chacin,Jhoulys,COL,COL,P,2384.14472652642,Jhoulys,Chacin,16.7
brotr001,Brothers,Rex,COL,COL,P,1754.33462676136,Rex,Brothers,-0.2
blacc001,Blackmon,Charlie,COL,COL,OF,1270.23626064792,Charlie,Blackmon,95.55
bettc001,Bettis,Chad,COL,COL,P,1617.99992708721,Chad,Bettis,-0.5
betar001,Betancourt,Rafael,COL,COL,P,1606.16344217257,Rafael,Betancourt,0
belim001,Belisle,Matt,COL,COL,P,1783.51070251846,Matt,Belisle,-0.2
arenn001,Arenado,Nolan,COL,COL,3B,944.18435995442,Nolan,Arenado,179.35
woodb004,Wood,Blake,CLE,CLE,P,1503.80202278615,Blake,Wood,0
tomlj001,Tomlin,Josh,CLE,CLE,P,1506.77853989118,Josh,Tomlin,0
swisn001,Swisher,Nick,CLE,CLE,OF,804.527144685205,Nick,Swisher,229.24
stubd001,Stubbs,Drew,CLE,CLE,OF,987.788444094455,Drew,Stubbs,147.47
smitj002,Smith,Joe,CLE,CLE,P,1742.36328349709,Joe,Smith,0
shawb001,Shaw,Bryan,CLE,CLE,P,1823.63479848026,Bryan,Shaw,0
santo001,Santos,Omir,CLE,CLE,C,1498.90527126893,Omir,Santos,0
santc002,Santana,Carlos,CLE,CLE,C,867.646157322716,Carlos,Santana,263.88
salad001,Salazar,Danny,CLE,CLE,P,1722.38585701013,Danny,Salazar,-0.4
rapac001,Rapada,Clay,CLE,CLE,P,1507.59452053334,Clay,Rapada,0
ramij003,Ramirez,Jose,CLE,CLE,2B,1492.29558710369,Jose,Ramirez,4.75
rabur001,Raburn,Ryan,CLE,CLE,2B,1269.49551777999,Ryan,Raburn,132.28
phelc001,Phelps,Cord,CLE,CLE,SS,1487.91508578585,Cord,Phelps,-0.4
pestv001,Pestano,Vinnie,CLE,CLE,P,1615.10101040725,Vinnie,Pestano,0
perec002,Perez,Chris,CLE,CLE,P,1705.66809421498,Chris,Perez,0
myerb001,Myers,Brett,CLE,CLE,P,1573.81447260492,Brett,Myers,0
mcalz001,McAllister,Zach,CLE,CLE,P,2118.22945915121,Zach,McAllister,-0.4
mastj001,Masterson,Justin,CLE,CLE,P,2449.94342293166,Justin,Masterson,0.88
martj004,Martinez,Joe,CLE,CLE,P,1515.55814991497,Joe,Martinez,0
marsl001,Marson,Lou,CLE,CLE,C,1497.90758196721,Lou,Marson,1.38
langm002,Langwell,Matt,CLE,CLE,P,1534.96075271074,Matt,Langwell,0
kubej002,Kubel,Jason,CLE,CLE,RF,1248.18957902217,Jason,Kubel,79.31
klubc001,Kluber,Corey,CLE,CLE,P,2151.97445994768,Corey,Kluber,0.49
kipnj001,Kipnis,Jason,CLE,CLE,2B,831.014906919411,Jason,Kipnis,267.26
kazms001,Kazmir,Scott,CLE,CLE,P,2254.10117236717,Scott,Kazmir,0.68
jimeu001,Jimenez,Ubaldo,CLE,CLE,P,2371.57767588829,Ubaldo,Jimenez,0.19
hillr001,Hill,Rich,CLE,CLE,P,1634.09570274053,Rich,Hill,0
hagan001,Hagadone,Nick,CLE,CLE,P,1606.47674934171,Nick,Hagadone,0
guilp001,Guilmet,Preston,CLE,CLE,P,1513.619148579,Preston,Guilmet,0
gomey001,Gomes,Yan,CLE,CLE,C,1213.58891411425,Yan,Gomes,128.24
giamj001,Giambi,Jason,CLE,CLE,1B,1292.17524943922,Jason,Giambi,73.06
chisl001,Chisenhall,Lonnie,CLE,CLE,3B,1183.70396519268,Lonnie,Chisenhall,103.32
carsm001,Carson,Matt,CLE,CLE,OF,1500.52651311965,Matt,Carson,11.32
carrc003,Carrasco,Carlos,CLE,CLE,P,1647.73232977446,Carlos,Carrasco,0
cabra002,Cabrera,Asdrubal,CLE,CLE,SS,848.356664278056,Asdrubal,Cabrera,192.93
branm003,Brantley,Michael,CLE,CLE,OF,823.492590090449,Michael,Brantley,235.02
bourm001,Bourn,Michael,CLE,CLE,OF,862.34338778526,Michael,Bourn,179.28
bauet001,Bauer,Trevor,CLE,CLE,P,1540.2786575312,Trevor,Bauer,-0.2
barns002,Barnes,Scott,CLE,CLE,P,1521.43090647734,Scott,Barnes,0
avilm001,Aviles,Mike,CLE,CLE,SS,1061.19906853211,Mike,Aviles,134.59
allec002,Allen,Cody,CLE,CLE,P,1805.77299074749,Cody,Allen,0
albem001,Albers,Matt,CLE,CLE,P,1734.41678285451,Matt,Albers,0
vottj001,Votto,Joey,CIN,CIN,1B,872.908008632693,Joey,Votto,317.49
villp001,Villarreal,Pedro,CIN,CIN,P,1502.43424887019,Pedro,Villarreal,0
soton001,Soto,Neftali,CIN,CIN,1B,1486.47530012169,Neftali,Soto,-0.48
simoa001,Simon,Alfredo,CIN,CIN,P,1874.53997836349,Alfredo,Simon,0.08
rodrh003,Rodriguez,Henry,CIN,CIN,2B,1491.69815016553,Henry,Rodriguez,0.77
robid002,Robinson,Derrick,CIN,CIN,OF,1327.25966735725,Derrick,Robinson,56.91
reyng001,Reynolds,Greg,CIN,CIN,P,1563.90437652952,Greg,Reynolds,0.6
philb001,Phillips,Brandon,CIN,CIN,SS,719.977764917207,Brandon,Phillips,259.22
paulx001,Paul,Xavier,CIN,CIN,OF,1309.68649346783,Xavier,Paul,90.19
partc001,Partch,Curtis,CIN,CIN,P,1561.42217147911,Curtis,Partch,0
parrm001,Parra,Manny,CIN,CIN,P,1662.92914082925,Manny,Parra,0.88
ondrl001,Ondrusek,Logan,CIN,CIN,P,1709.14811894977,Logan,Ondrusek,0
millc001,Miller,Corky,CIN,CIN,C,1468.36541945703,Corky,Miller,18.49
mesod001,Mesoraco,Devin,CIN,CIN,C,1142.40083401788,Devin,Mesoraco,117.34
marss002,Marshall,Sean,CIN,CIN,P,1539.75580106356,Sean,Marshall,0
lutzd001,Lutz,Donald,CIN,CIN,OF,1448.09808956493,Donald,Lutz,18.03
ludwr001,Ludwick,Ryan,CIN,CIN,OF,1365.85952221622,Ryan,Ludwick,41.28
lecus001,LeCure,Sam,CIN,CIN,P,1718.29799125261,Sam,LeCure,0
leakm001,Leake,Mike,CIN,CIN,P,2376.51646566392,Mike,Leake,11.35
latom001,Latos,Mat,CIN,CIN,P,2477.66406796637,Mat,Latos,7.25
iztuc001,Izturis,Cesar,CIN,CIN,SS,1371.53243607827,Cesar,Izturis,38.58
heisc001,Heisey,Chris,CIN,CIN,OF,1254.93932054299,Chris,Heisey,78.79
hannj001,Hannahan,Jack,CIN,CIN,3B,1374.14937347562,Jack,Hannahan,47.32
hanir001,Hanigan,Ryan,CIN,CIN,C,1247.4579906359,Ryan,Hanigan,78.04
hamib001,Hamilton,Billy,CIN,CIN,OF,1491.1124129504,Billy,Hamilton,10.41
freej001,Freeman,Justin,CIN,CIN,P,1501.37603163196,Justin,Freeman,0
frazt001,Frazier,Todd,CIN,CIN,OF,854.179209573904,Todd,Frazier,215.24
cuetj001,Cueto,Johnny,CIN,CIN,P,1722.86011688884,Johnny,Cueto,2.59
cozaz001,Cozart,Zack,CIN,CIN,SS,755.133752465191,Zack,Cozart,200.06
cingt001,Cingrani,Tony,CIN,CIN,P,1895.47094445555,Tony,Cingrani,6.33
chrin001,Christiani,Nick,CIN,CIN,P,1509.69668542612,Nick,Christiani,0
choos001,Choo,Shin-Soo,CIN,CIN,OF,907.07920361088,Shin-Soo,Choo,287.66
chapa001,Chapman,Aroldis,CIN,CIN,P,1755.74851457103,Aroldis,Chapman,-0.2
brucj001,Bruce,Jay,CIN,CIN,OF,724.975984176871,Jay,Bruce,282.05
broxj001,Broxton,Jonathan,CIN,CIN,P,1606.73205207879,Jonathan,Broxton,0
bailh001,Bailey,Homer,CIN,CIN,P,2474.13004092052,Homer,Bailey,9.28
arrob001,Arroyo,Bronson,CIN,CIN,P,2432.93601149813,Bronson,Arroyo,-0.08
woodt004,Wood,Travis,CHN,CHN,P,2397.4442396669,Travis,Wood,20.11
watkl001,Watkins,Logan,CHN,CHN,2B,1465.73742570538,Logan,Watkins,6.73
villc001,Villanueva,Carlos,CHN,CHN,P,1961.89938131829,Carlos,Villanueva,2.35
valbl001,Valbuena,Luis,CHN,CHN,2B,1170.66727656928,Luis,Valbuena,135.45
takah001,Takahashi,Hisanori,CHN,CHN,P,1505.00928583727,Hisanori,Takahashi,0
sweer001,Sweeney,Ryan,CHN,CHN,OF,1333.66661872165,Ryan,Sweeney,77.26
strop001,Strop,Pedro,CHN,CHN,P,1714.22729064632,Pedro,Strop,0
schin001,Schierholtz,Nate,CHN,CHN,OF,1011.67611542174,Nate,Schierholtz,194.5
sappd001,Sappelt,Dave,CHN,CHN,OF,1446.79044876598,Dave,Sappelt,19.25
sance001,Sanchez,Eduardo,CHN,CHN,P,1514.22190754278,Eduardo,Sanchez,0
samaj001,Samardzija,Jeff,CHN,CHN,P,2448.74670824559,Jeff,Samardzija,4.89
russj003,Russell,James,CHN,CHN,P,1685.73711738421,James,Russell,0
rusic001,Rusin,Chris,CHN,CHN,P,1692.96959309402,Chris,Rusin,2.86
rondh001,Rondon,Hector,CHN,CHN,P,1671.77162612242,Hector,Rondon,0
rizza001,Rizzo,Anthony,CHN,CHN,1B,794.212657153495,Anthony,Rizzo,254.18
raleb001,Raley,Brooks,CHN,CHN,P,1540.97919196442,Brooks,Raley,-0.1
putnz001,Putnam,Zach,CHN,CHN,P,1505.37615373762,Zach,Putnam,0
parkb001,Parker,Blake,CHN,CHN,P,1662.98703420317,Blake,Parker,0
navad001,Navarro,Dioner,CHN,CHN,C,1303.66493121943,Dioner,Navarro,115.19
murpd004,Murphy,Donnie,CHN,CHN,SS,1369.3510734576,Donnie,Murphy,65.99
mcdod002,McDonald,Darnell,CHN,CHN,OF,1462.86064186341,Darnell,McDonald,21.37
lim-c001,Lim,Chang-Yong,CHN,CHN,P,1511.33886753732,Chang-Yong,Lim,0
lakej001,Lake,Junior,CHN,CHN,3B,1297.52599943501,Junior,Lake,80.15
jacke001,Jackson,Edwin,CHN,CHN,P,2205.46931111693,Edwin,Jackson,6.42
gregk001,Gregg,Kevin,CHN,CHN,P,1716.12944195756,Kevin,Gregg,0
fujik001,Fujikawa,Kyuji,CHN,CHN,P,1530.0085138216,Kyuji,Fujikawa,0
felds001,Feldman,Scott,CHN,CHN,P,2309.60430154046,Scott,Feldman,10.72
dolir001,Dolis,Rafael,CHN,CHN,P,1515.76105390604,Rafael,Dolis,0
clevs001,Clevenger,Steve,CHN,CHN,C,1481.39613385298,Steve,Clevenger,4.94
casts001,Castro,Starlin,CHN,CHN,SS,718.331593810008,Starlin,Castro,199.08
castw002,Castillo,Welington,CHN,CHN,C,1140.04715173332,Welington,Castillo,144.36
camps002,Camp,Shawn,CHN,CHN,P,1558.78705240898,Shawn,Camp,0
cabra003,Cabrera,Alberto,CHN,CHN,P,1516.49047198619,Alberto,Cabrera,0
burna002,Burnett,Alex,CHN,CHN,P,1501.93707714917,Alex,Burnett,0
bowdm001,Bowden,Michael,CHN,CHN,P,1604.39140492194,Michael,Bowden,0
bogub001,Bogusevic,Brian,CHN,CHN,OF,1368.04662802605,Brian,Bogusevic,56.95
barnd001,Barney,Darwin,CHN,CHN,SS,863.128837187402,Darwin,Barney,155.96
bakes002,Baker,Scott,CHN,CHN,P,1547.4956529271,Scott,Baker,-0.3
arrij001,Arrieta,Jake,CHN,CHN,P,1719.6153869363,Jake,Arrieta,1.66
wised001,Wise,Dewayne,CHA,CHA,OF,1436.8774681412,Dewayne,Wise,15.87
webbd001,Webb,Daniel,CHA,CHA,P,1531.34243886704,Daniel,Webb,0
vicid001,Viciedo,Dayan,CHA,CHA,OF,1006.06682152265,Dayan,Viciedo,169.35
veald001,Veal,Donnie,CHA,CHA,P,1596.96389704904,Donnie,Veal,0
tronr001,Troncoso,Ramon,CHA,CHA,P,1604.32642260367,Ramon,Troncoso,0
thorm001,Thornton,Matt,CHA,CHA,P,1647.8810854997,Matt,Thornton,0
tekob001,Tekotte,Blake,CHA,CHA,OF,1475.7631257847,Blake,Tekotte,9.11
semim001,Semien,Marcus,CHA,CHA,SS,1447.34717055876,Marcus,Semien,20.52
santh001,Santiago,Hector,CHA,CHA,P,2165.79336251567,Hector,Santiago,0
sanca005,Sanchez,Angel,CHA,CHA,SS,1496.65912128879,Angel,Sanchez,0
salec001,Sale,Chris,CHA,CHA,P,2558.68259031772,Chris,Sale,0
riena001,Rienzo,Andre,CHA,CHA,P,1705.50238579164,Andre,Rienzo,0
reeda001,Reed,Addison,CHA,CHA,P,1810.11899107732,Addison,Reed,0
ramia003,Ramirez,Alexei,CHA,CHA,OF,746.780526715623,Alexei,Ramirez,225.22
quinj001,Quintana,Jose,CHA,CHA,P,2479.62829392471,Jose,Quintana,-0.2
purcd001,Purcey,David,CHA,CHA,P,1595.04416351392,David,Purcey,0
phegj001,Phegley,Josh,CHA,CHA,C,1265.932100237,Josh,Phegley,56.15
petrj001,Petricka,Jake,CHA,CHA,P,1555.51967785964,Jake,Petricka,0
peavj001,Peavy,Jake,CHA,CHA,P,2235.91423862505,Jake,Peavy,1.2
omogb001,Omogrosso,Brian,CHA,CHA,P,1539.33943344708,Brian,Omogrosso,0
moreb001,Morel,Brent,CHA,CHA,3B,1476.85877047685,Brent,Morel,6.98
lindm001,Lindstrom,Matt,CHA,CHA,P,1704.80643390986,Matt,Lindstrom,0
konep001,Konerko,Paul,CHA,CHA,1B,938.346893035015,Paul,Konerko,178.67
keppj001,Keppinger,Jeff,CHA,CHA,2B,1007.54153950763,Jeff,Keppinger,139.27
jonen001,Jones,Nate,CHA,CHA,P,1801.41259706357,Nate,Jones,0
johne003,Johnson,Erik,CHA,CHA,P,1589.05305501281,Erik,Johnson,0
heatd001,Heath,Deunte,CHA,CHA,P,1520.41299850496,Deunte,Heath,0
greet004,Greene,Tyler,CHA,CHA,SS,1444.84287958486,Tyler,Greene,13.49
gonzm004,Gonzalez,Miguel,CHA,CHA,C,1495.24531462992,Miguel,Gonzalez,1.16
gimeh001,Gimenez,Hector,CHA,CHA,C,1433.64002342443,Hector,Gimenez,24.59
gillc001,Gillaspie,Conor,CHA,CHA,1B,1035.9412263512,Conor,Gillaspie,149.42
floyg001,Floyd,Gavin,CHA,CHA,P,1571.44887102235,Gavin,Floyd,-0.4
flowt001,Flowers,Tyler,CHA,CHA,C,1207.34129503458,Tyler,Flowers,69.94
dunna001,Dunn,Adam,CHA,CHA,OF,829.761377461307,Adam,Dunn,224.78
dankj002,Danks,Jordan,CHA,CHA,OF,1359.8811183092,Jordan,Danks,51.6
dankj001,Danks,John,CHA,CHA,P,2121.51641920017,John,Danks,0
craij001,Crain,Jesse,CHA,CHA,P,1633.7946360763,Jesse,Crain,0
casts002,Castro,Simon,CHA,CHA,P,1527.05191871442,Simon,Castro,0
beckg001,Beckham,Gordon,CHA,CHA,3B,1104.05203164623,Gordon,Beckham,130.41
andeb005,Anderson,Bryan,CHA,CHA,C,1479.07398123541,Bryan,Anderson,2.39
axeld001,Axelrod,Dylan,CHA,CHA,P,2076.99298183894,Dylan,Axelrod,0.68
wrigs001,Wright,Steven,BOS,BOS,P,1538.58817781109,Steven,Wright,0
workb001,Workman,Brandon,BOS,BOS,P,1699.05761298156,Brandon,Workman,0
wilsa001,Wilson,Alex,BOS,BOS,P,1577.08868188292,Alex,Wilson,0
websa001,Webster,Allen,BOS,BOS,P,1577.10653401016,Allen,Webster,0
victs001,Victorino,Shane,BOS,BOS,OF,887.995344395355,Shane,Victorino,214.46
uehak001,Uehara,Koji,BOS,BOS,P,1902.9019276375,Koji,Uehara,0
tazaj001,Tazawa,Junichi,BOS,BOS,P,1804.25932268734,Junichi,Tazawa,0
snydb003,Snyder,Brandon,BOS,BOS,1B,1454.6167299152,Brandon,Snyder,14.57
saltj001,Saltalamacchia,Jarrod,BOS,BOS,C,1022.58044832382,Jarrod,Saltalamacchia,181.48
rossd001,Ross,David,BOS,BOS,C,1369.01585448706,David,Ross,33.17
pedrd001,Pedroia,Dustin,BOS,BOS,2B,723.710189049479,Dustin,Pedroia,297.05
ortid001,Ortiz,David,BOS,BOS,1B,895.272790348654,David,Ortiz,301.41
navad002,Nava,Daniel,BOS,BOS,OF,1022.64395458005,Daniel,Nava,222.05
napom001,Napoli,Mike,BOS,BOS,1B,888.619257562183,Mike,Napoli,238.49
mortc003,Mortensen,Clayton,BOS,BOS,P,1592.62259020894,Clayton,Mortensen,-0.2
moraf001,Morales,Franklin,BOS,BOS,P,1583.322010179,Franklin,Morales,-0.4
milla002,Miller,Andrew,BOS,BOS,P,1597.05047342985,Andrew,Miller,0
middw001,Middlebrooks,Will,BOS,BOS,3B,1048.24669383171,Will,Middlebrooks,126.95
lestj001,Lester,Jon,BOS,BOS,P,2715.19405837225,Jon,Lester,-0.7
lavar001,Lavarnway,Ryan,BOS,BOS,C,1436.30603565565,Ryan,Lavarnway,33.6
lackj001,Lackey,John,BOS,BOS,P,2586.51405043269,John,Lackey,-0.5
holtb002,Holt,Brock,BOS,BOS,2B,1428.85675799994,Brock,Holt,24.28
hanrj001,Hanrahan,Joel,BOS,BOS,P,1522.03038114445,Joel,Hanrahan,0
gomej001,Gomes,Jonny,BOS,BOS,OF,1113.48956419119,Jonny,Gomes,143.39
ellsj001,Ellsbury,Jacoby,BOS,BOS,OF,800.442229463768,Jacoby,Ellsbury,242.94
drews001,Drew,Stephen,BOS,BOS,SS,928.971129007125,Stephen,Drew,192.53
doubf001,Doubront,Felix,BOS,BOS,P,2250.65519786299,Felix,Doubront,-0.1
dempr002,Dempster,Ryan,BOS,BOS,P,2322.91244024923,Ryan,Dempster,0
diazj004,Diaz,Jonathan,BOS,BOS,3B,1496.42569007289,Jonathan,Diaz,0
carpm001,Carp,Mike,BOS,BOS,1B,1307.91693991737,Mike,Carp,109.29
buchc001,Buchholz,Clay,BOS,BOS,P,2065.29378090666,Clay,Buchholz,0
britd001,Britton,Drake,BOS,BOS,P,1561.92757404016,Drake,Britton,0
bresc001,Breslow,Craig,BOS,BOS,P,1742.35694561914,Craig,Breslow,0
bradj001,Bradley,Jackie,BOS,BOS,OF,1401.90743798192,Jackie,Bradley,30.78
bogax001,Bogaerts,Xander,BOS,BOS,SS,1441.181050104,Xander,Bogaerts,16.32
berrq001,Berry,Quintin,BOS,BOS,OF,1500.07829381411,Quintin,Berry,9.39
beatp001,Beato,Pedro,BOS,BOS,P,1526.25266237514,Pedro,Beato,0
bardd001,Bard,Daniel,BOS,BOS,P,1500.3161032478,Daniel,Bard,0
baila001,Bailey,Andrew,BOS,BOS,P,1593.43345343144,Andrew,Bailey,0
aceva001,Aceves,Alfredo,BOS,BOS,P,1610.22218406271,Alfredo,Aceves,0
wietm001,Wieters,Matt,BAL,BAL,C,888.99903520378,Matt,Wieters,211.54
valed001,Valencia,Danny,BAL,BAL,3B,1362.32553602753,Danny,Valencia,72.5
valdl001,Asencio,Jairo,BAL,BAL,P,1504.34649744946,Jairo,Asencio,0
urruh001,Urrutia,Henry,BAL,BAL,OF,1457.0177871773,Henry,Urrutia,14.05
tillc001,Tillman,Chris,BAL,BAL,P,2402.76340980379,Chris,Tillman,0
teagt001,Teagarden,Taylor,BAL,BAL,C,1430.8151824413,Taylor,Teagarden,12.16
stinj001,Stinson,Josh,BAL,BAL,P,1550.92677669602,Josh,Stinson,0
snydc002,Snyder,Chris,BAL,BAL,C,1482.6151072033,Chris,Snyder,3.87
schoj001,Schoop,Jonathan,BAL,BAL,3B,1494.20583377184,Jonathan,Schoop,5.66
robeb003,Roberts,Brian,BAL,BAL,2B,1249.46726585018,Brian,Roberts,110.46
reimn001,Reimold,Nolan,BAL,BAL,OF,1383.52610100302,Nolan,Reimold,35.94
pridj001,Pridie,Jason,BAL,BAL,OF,1493.13776751909,Jason,Pridie,2.11
pears001,Pearce,Steve,BAL,BAL,1B,1416.32237162462,Steve,Pearce,52.1
pattt001,Patton,Troy,BAL,BAL,P,1674.48668821972,Troy,Patton,0
odayd001,O'Day,Darren,BAL,BAL,P,1715.40764305239,Darren,O'Day,-0.2
navay001,Navarro,Yamaico,BAL,BAL,SS,1478.79028473404,Yamaico,Navarro,9.09
mclon001,McLouth,Nate,BAL,BAL,CF,944.255520442343,Nate,McLouth,199.17
matub001,Matusz,Brian,BAL,BAL,P,1676.13322185728,Brian,Matusz,0
markn001,Markakis,Nick,BAL,BAL,OF,802.285005128749,Nick,Markakis,239.36
machm001,Machado,Manny,BAL,BAL,3B,758.013876527506,Manny,Machado,251.61
jurrj001,Jurrjens,Jair,BAL,BAL,P,1513.11716654065,Jair,Jurrjens,0
jonea003,Jones,Adam,BAL,BAL,OF,791.297282071638,Adam,Jones,290.5
johns001,Johnson,Steve,BAL,BAL,P,1551.04445060318,Steve,Johnson,0
johnj010,Johnson,Jim,BAL,BAL,P,1715.18525317069,Jim,Johnson,0
johnd004,Johnson,Dan,BAL,BAL,1B,1493.93305156615,Dan,Johnson,-0.2
huntt002,Hunter,Tommy,BAL,BAL,P,1835.62480736497,Tommy,Hunter,0
hammj002,Hammel,Jason,BAL,BAL,P,2034.31606249128,Jason,Hammel,-0.3
gonzm003,Gonzalez,Miguel,BAL,BAL,P,2257.69904818185,Miguel,Gonzalez,-0.1
gausk001,Gausman,Kevin,BAL,BAL,P,1678.47947322996,Kevin,Gausman,-0.2
garcf002,Garcia,Freddy,BAL,BAL,P,1808.49297366004,Freddy,Garcia,0
flahr001,Flaherty,Ryan,BAL,BAL,3B,1267.61960841437,Ryan,Flaherty,87.98
dickc001,Dickerson,Chris,BAL,BAL,OF,1413.46404578284,Chris,Dickerson,33.89
davic003,Davis,Chris,BAL,BAL,1B,906.992491979135,Chris,Davis,341.03
clarz001,Clark,Zach,BAL,BAL,P,1505.15962512915,Zach,Clark,0
chenw001,Chen,Wei-Yin,BAL,BAL,P,2048.42982673964,Wei-Yin,Chen,0
casia001,Casilla,Alexi,BAL,BAL,SS,1396.94966690675,Alexi,Casilla,35.24
britz001,Britton,Zach,BAL,BAL,P,1604.55242821216,Zach,Britton,0
betew001,Betemit,Wilson,BAL,BAL,SS,1484.76147302104,Wilson,Betemit,-0.6
belfm001,Belfiore,Mike,BAL,BAL,P,1499.23386693491,Mike,Belfiore,0
ayall001,Ayala,Luis,BAL,BAL,P,1597.83087709533,Luis,Ayala,0
wooda002,Wood,Alex,ATL,ATL,P,1745.31227101047,Alex,Wood,-2.9
waldj001,Walden,Jordan,ATL,ATL,P,1683.77463367908,Jordan,Walden,0
varva001,Varvaro,Anthony,ATL,ATL,P,1756.7001126367,Anthony,Varvaro,-0.2
uptoj001,Upton,Justin,ATL,ATL,OF,909.435965309784,Justin,Upton,246.37
uggld001,Uggla,Dan,ATL,ATL,2B,984.728820700288,Dan,Uggla,167.17
terdj001,Terdoslavich,Joey,ATL,ATL,OF,1434.09914932467,Joey,Terdoslavich,23.02
tehej001,Teheran,Julio,ATL,ATL,P,2324.74607035119,Julio,Teheran,12.58
simma001,Simmons,Andrelton,ATL,ATL,SS,805.045235447269,Andrelton,Simmons,226.37
schaj002,Schafer,Jordan,ATL,ATL,OF,1304.12768806846,Jordan,Schafer,81.57
rasmc002,Rasmus,Cory,ATL,ATL,P,1578.45190329415,Cory,Rasmus,0
penar002,Pena,Ramiro,ATL,ATL,SS,1438.182958497,Ramiro,Pena,39.61
pastt001,Pastornicky,Tyler,ATL,ATL,SS,1481.38448141549,Tyler,Pastornicky,8.13
oflae001,O'Flaherty,Eric,ATL,ATL,P,1552.74522006465,Eric,O'Flaherty,0
minom001,Minor,Mike,ATL,ATL,P,2433.87892854165,Mike,Minor,11.8
medlk001,Medlen,Kris,ATL,ATL,P,2342.52275026375,Kris,Medlen,11.82
mccab002,McCann,Brian,ATL,ATL,C,1155.63599302958,Brian,McCann,166.08
martc005,Martinez,Cristhian,ATL,ATL,P,1501.31898404978,Cristhian,Martinez,0
mahop002,Maholm,Paul,ATL,ATL,P,2078.9618570691,Paul,Maholm,4.39
lairg001,Laird,Gerald,ATL,ATL,C,1415.4798960705,Gerald,Laird,50.63
kimbc001,Kimbrel,Craig,ATL,ATL,P,1756.74569983733,Craig,Kimbrel,0
johnr008,Johnson,Reed,ATL,ATL,OF,1413.00179793665,Reed,Johnson,40.82
johnc003,Johnson,Chris,ATL,ATL,3B,1052.51912208786,Chris,Johnson,218.73
janip001,Janish,Paul,ATL,ATL,SS,1463.13306757595,Paul,Janish,8.27
hudst001,Hudson,Tim,ATL,ATL,P,1993.020152304,Tim,Hudson,9.51
heywj001,Heyward,Jason,ATL,ATL,OF,1143.30571944665,Jason,Heyward,160.07
haled001,Hale,David,ATL,ATL,P,1520.57905965375,David,Hale,-0.6
gossp001,Gosselin,Philip,ATL,ATL,2B,1496.84560959687,Philip,Gosselin,2.05
gearc001,Gearrin,Cory,ATL,ATL,P,1576.21903120104,Cory,Gearrin,0
gatte001,Gattis,Evan,ATL,ATL,C,1143.17112632115,Evan,Gattis,155.72
freef001,Freeman,Freddie,ATL,ATL,1B,1034.17110038164,Freddie,Freeman,298.99
downs001,Downs,Scott,ATL,ATL,P,1616.96232694568,Scott,Downs,0
dewib001,DeWitt,Blake,ATL,ATL,3B,1496.99161815457,Blake,DeWitt,1.3
cunnt001,Cunningham,Todd,ATL,ATL,OF,1493.79344219228,Todd,Cunningham,1.16
consj001,Constanza,Jose,ATL,ATL,OF,1479.9158285191,Jose,Constanza,7.03
carpd001,Carpenter,David,ATL,ATL,P,1744.74568923755,David,Carpenter,-0.1
bethc001,Bethancourt,Christian,ATL,ATL,C,1498.98552082188,Christian,Bethancourt,-0.2
beacb001,Beachy,Brandon,ATL,ATL,P,1583.9216866093,Brandon,Beachy,1.27
avill001,Avilan,Luis,ATL,ATL,P,1747.93482097734,Luis,Avilan,0.1
ziegb001,Ziegler,Brad,ARI,ARI,P,1746.23169765292,Brad,Ziegler,0
wilsj003,Wilson,Josh,ARI,ARI,2B,1458.94894335914,Josh,Wilson,15.7
spruz001,Spruill,Zeke,ARI,ARI,P,1525.98065513711,Zeke,Spruill,-0.2
skagt001,Skaggs,Tyler,ARI,ARI,P,1588.10152898433,Tyler,Skaggs,1.81
sippt001,Sipp,Tony,ARI,ARI,P,1618.36941074983,Tony,Sipp,0
rossc001,Ross,Cody,ARI,ARI,OF,1220.26544632961,Cody,Ross,130.62
roe-c001,Roe,Chaz,ARI,ARI,P,1566.37638430835,Chaz,Roe,-0.2
reynm002,Reynolds,Matt,ARI,ARI,P,1580.66692699547,Matt,Reynolds,0
pradm001,Prado,Martin,ARI,ARI,OF,894.116945013884,Martin,Prado,263.49
pennc001,Pennington,Cliff,ARI,ARI,SS,1258.56889560405,Cliff,Pennington,85.19
patej001,Paterson,Joe,ARI,ARI,P,1501.81971553996,Joe,Paterson,0
parrg001,Parra,Gerardo,ARI,ARI,OF,897.940543242403,Gerardo,Parra,219.3
owinc001,Owings,Chris,ARI,ARI,SS,1457.32291758589,Chris,Owings,21.97
nievw001,Nieves,Wil,ARI,ARI,C,1350.26354390998,Wil,Nieves,71.58
montm001,Montero,Miguel,ARI,ARI,C,1079.53052922422,Miguel,Montero,149.07
milew001,Miley,Wade,ARI,ARI,P,2266.17902609418,Wade,Miley,13.39
mccab001,McCarthy,Brandon,ARI,ARI,P,1948.47152946668,Brandon,McCarthy,0.15
marta005,Marte,Alfredo,ARI,ARI,OF,1470.8339208205,Alfredo,Marte,12.08
holmd002,Holmberg,David,ARI,ARI,P,1501.07452900856,David,Holmberg,-0.2
hinse001,Hinske,Eric,ARI,ARI,OF,1459.70832232894,Eric,Hinske,15.22
hilla001,Hill,Aaron,ARI,ARI,2B,1237.47984360914,Aaron,Hill,146.47
hernd002,Hernandez,David,ARI,ARI,P,1722.78365210278,David,Hernandez,0
harrw002,Harris,Will,ARI,ATI,P,1668.42189081887,Will,Harris,0
gregd001,Gregorius,Didi,ARI,ARI,SS,1166.33816859646,Didi,Gregorius,131.34
goset001,Gosewisch,Tuffy,ARI,ARI,C,1453.13671566961,Tuffy,Gosewisch,8.53
goldp001,Goldschmidt,Paul,ARI,ARI,1B,958.921962897198,Paul,Goldschmidt,349.07
eatoa002,Eaton,Adam,ARI,ARI,OF,1287.38990809718,Adam,Eaton,88.93
delgr001,Delgado,Randall,ARI,ARI,P,1880.43767438448,Randall,Delgado,5.4
davim005,Davidson,Matt,ARI,ARI,3B,1437.98953184905,Matt,Davidson,32.46
corbp001,Corbin,Patrick,ARI,ARI,P,2410.9148853006,Patrick,Corbin,8.57
collj001,Collmenter,Josh,ARI,ARI,P,1836.43436713194,Josh,Collmenter,0.6
chave001,Chavez,Eric,ARI,ARI,3B,1325.28320104079,Eric,Chavez,110.57
campt001,Campana,Tony,ARI,ARI,OF,1471.0580082612,Tony,Campana,14.71
cahit001,Cahill,Trevor,ARI,ARI,P,2031.22195806587,Trevor,Cahill,4.66
brewc001,Brewer,Charles,ARI,ARI,P,1514.28591906067,Charles,Brewer,0
bloow001,Bloomquist,Willie,ARI,ARI,2B,1400.49550129392,Willie,Bloomquist,55.51
bellh001,Bell,Heath,ARI,ARI,P,1711.86651707178,Heath,Bell,0
willj003,Williams,Jerome,ANA,ANA,P,2197.15277325502,Jerome,Williams,-0.2
weavj003,Weaver,Jered,ANA,ANA,P,2133.86419840841,Jered,Weaver,-0.8
vargj001,Vargas,Jason,ANA,ANA,P,2094.73444541061,Jason,Vargas,0
trumm001,Trumbo,Mark,ANA,ANA,1B,819.934019618097,Mark,Trumbo,251.96
troum001,Trout,Mike,ANA,ANA,OF,1034.11038490624,Mike,Trout,347.8
stand001,Stange,Daniel,ANA,ANA,P,1504.17324521151,Daniel,Stange,0
shoem001,Shoemaker,Matt,ANA,ANA,P,1511.89155947884,Matt,Shoemaker,0
rothm001,Roth,Michael,ANA,ANA,P,1539.17421077588,Michael,Roth,0
romia001,Romine,Andrew,ANA,ANA,SS,1398.25786786421,Andrew,Romine,34.75
richg002,Richards,Garrett,ANA,ANA,P,2093.09757405329,Garrett,Richards,0
pujoa001,Pujols,Albert,ANA,ANA,1B,1146.83531826544,Albert,Pujols,182.34
navae001,Navarro,Efren,ANA,ANA,1B,1499.86324449131,Efren,Navarro,3.01
maron001,Maronde,Nick,ANA,ANA,P,1511.03575609117,Nick,Maronde,0
lowem002,Lowe,Mark,ANA,ANA,P,1521.70943037485,Mark,Lowe,0
kohnm001,Kohn,Michael,ANA,ANA,P,1678.95751775817,Michael,Kohn,0
jimel002,Jimenez,Luis,ANA,ANA,3B,1425.31844701786,Luis,Jimenez,26.63
jepsk001,Jepsen,Kevin,ANA,ANA,P,1609.13443200583,Kevin,Jepsen,0
iannc001,Iannetta,Chris,ANA,ANA,C,1220.15355497881,Chris,Iannetta,138.73
hestj001,Hester,John,ANA,ANA,C,1500.98374226724,John,Hester,0.69
hawpb001,Hawpe,Brad,ANA,ANA,OF,1479.87756526669,Brad,Hawpe,6.55
harrb001,Harris,Brendan,ANA,ANA,SS,1414.18979616486,Brendan,Harris,30.73
hanst001,Hanson,Tommy,ANA,ANA,P,1705.9781447845,Tommy,Hanson,0
hamij003,Hamilton,Josh,ANA,ANA,OF,862.705477056655,Josh,Hamilton,228.07
friee001,Frieri,Ernesto,ANA,ANA,P,1742.97979993939,Ernesto,Frieri,0
enrib001,Enright,Barry,ANA,ANA,P,1514.05612297758,Barry,Enright,0
couss001,Cousins,Scott,ANA,ANA,OF,1495.71673038965,Scott,Cousins,0.09
congh001,Conger,Hank,ANA,ANA,C,1290.7736413701,Hank,Conger,81.41
coelr001,Coello,Robert,ANA,ANA,P,1547.02245624879,Robert,Coello,0
carpd002,Carpenter,David,ANA,ANA,P,1497.03636755552,David,Carpenter,0
calhk001,Calhoun,Kole,ANA,ANA,OF,1327.82822894472,Kole,Calhoun,91.85
burns001,Burnett,Sean,ANA,ANA,P,1520.60119322942,Sean,Burnett,0
buckb002,Buckner,Billy,ANA,ANA,P,1547.34517427211,Billy,Buckner,0
brasr001,Brasier,Ryan,ANA,ANA,P,1524.25159930466,Ryan,Brasier,0
bourp001,Bourjos,Peter,ANA,ANA,OF,1380.67193192973,Peter,Bourjos,61.83
boshb001,Boshers,Buddy,ANA,ANA,P,1546.38910995807,Buddy,Boshers,0
blanj001,Blanton,Joe,ANA,ANA,P,1962.90495729839,Joe,Blanton,0.48
aybae001,Aybar,Erick,ANA,ANA,SS,923.341918921696,Erick,Aybar,199.12
