player_id,last_name_tx,first_name_tx,team_id,team_tx,pos_tx,nameFirst,nameLast,score,elo
zimmj003,Zimmermann,Jordan,WAS,WAS,P,Jordan,Zimmermann,322,2531.972876462
stras001,Strasburg,Stephen,WAS,WAS,P,Stephen,Strasburg,297.35,2300.41287987346
stord001,Storen,Drew,WAS,WAS,P,Drew,Storen,121,1787.0460724753
stamc001,Stammen,Craig,WAS,WAS,P,Craig,Stammen,157.5,1856.23676413838
sorir001,Soriano,Rafael,WAS,WAS,P,Rafael,Soriano,248,1830.43304655763
rodrh002,Rodriguez,Henry,WAS,WAS,P,Henry,Rodriguez,20.1,1583.3579113825
rodrh002,Rodriguez,Henry,WAS,WAS,P,Henry,Rodriguez,4.3,1583.3579113825
rodrh002,Rodriguez,Henry,CHN,CHN,P,Henry,Rodriguez,20.1,1583.3579113825
rodrh002,Rodriguez,Henry,CHN,CHN,P,Henry,Rodriguez,4.3,1583.3579113825
roart001,Roark,Tanner,WAS,WAS,P,Tanner,Roark,117.4,1715.74838482908
ohler001,Ohlendorf,Ross,WAS,WAS,P,Ross,Ohlendorf,93.4,1735.79340176476
mayay001,Maya,Yunesky,WAS,WAS,P,Yunesky,Maya,-7.1,1501.03401541676
mattr001,Mattheus,Ryan,WAS,WAS,P,Ryan,Mattheus,23.9,1645.09371641124
kroli001,Krol,Ian,WAS,WAS,P,Ian,Krol,50.8,1627.8880259252
jordt001,Jordan,Taylor,WAS,WAS,P,Taylor,Jordan,45.5,1681.68972859817
hared001,Haren,Dan,WAS,WAS,P,Dan,Haren,180.1,2283.09576587362
gonzg003,Gonzalez,Gio,WAS,WAS,P,Gio,Gonzalez,308.55,2379.46206810267
dukez001,Duke,Zach,WAS,WAS,P,Zach,Duke,20.8,1601.1563724994
dukez001,Duke,Zach,WAS,WAS,P,Zach,Duke,1.8,1601.1563724994
dukez001,Duke,Zach,CIN,CIN,P,Zach,Duke,20.8,1601.1563724994
dukez001,Duke,Zach,CIN,CIN,P,Zach,Duke,1.8,1601.1563724994
detwr001,Detwiler,Ross,WAS,WAS,P,Ross,Detwiler,47.1,1728.16728323615
davie002,Davis,Erik,WAS,WAS,P,Erik,Davis,25.4,1532.29989194218
clipt001,Clippard,Tyler,WAS,WAS,P,Tyler,Clippard,168.2,1847.98687395564
cedex001,Cedeno,Xavier,WAS,WAS,P,Xavier,Cedeno,16.7,1534.64541575976
cedex001,Cedeno,Xavier,WAS,WAS,P,Xavier,Cedeno,-2.9,1534.64541575976
cedex001,Cedeno,Xavier,HOU,HOU,P,Xavier,Cedeno,16.7,1534.64541575976
cedex001,Cedeno,Xavier,HOU,HOU,P,Xavier,Cedeno,-2.9,1534.64541575976
abadf001,Abad,Fernando,WAS,WAS,P,Fernando,Abad,56.7,1661.91093856044
webet001,Weber,Thad,TOR,TOR,P,Thad,Weber,14.3,1556.39175757488
webet001,Weber,Thad,TOR,TOR,P,Thad,Weber,5.7,1556.39175757488
webet001,Weber,Thad,SDN,SDN,P,Thad,Weber,14.3,1556.39175757488
webet001,Weber,Thad,SDN,SDN,P,Thad,Weber,5.7,1556.39175757488
wangc001,Wang,Chien-Ming,TOR,TOR,P,Chien-Ming,Wang,-0.6,1601.00588260077
wagnn001,Wagner,Neil,TOR,TOR,P,Neil,Wagner,55.6,1668.93147507154
storm001,Storey,Mickey,TOR,TOR,P,Mickey,Storey,6.3,1515.41996933858
sants001,Santos,Sergio,TOR,TOR,P,Sergio,Santos,66.3,1627.17972092904
romer002,Romero,Ricky,TOR,TOR,P,Ricky,Romero,-10.2,1527.93369175942
rogee002,Rogers,Esmil,TOR,TOR,P,Esmil,Rogers,119.2,2146.41281038974
redmt002,Redmond,Todd,TOR,TOR,P,Todd,Redmond,106.9,1866.62372544297
perel001,Perez,Luis,TOR,TOR,P,Luis,Perez,5,1520.85799509343
perej001,Perez,Juan,TOR,TOR,P,Juan,Perez,50.5,1647.60313830094
ortir002,Ortiz,Ramon,TOR,TOR,P,Ramon,Ortiz,3.9,1604.70503465276
olivd001,Oliver,Darren,TOR,TOR,P,Darren,Oliver,76.8,1717.16225985986
nolis001,Nolin,Sean,TOR,TOR,P,Sean,Nolin,-13.9,1503.06494565247
morrb001,Morrow,Brandon,TOR,TOR,P,Brandon,Morrow,40.2,1747.85232465466
mcgod001,McGowan,Dustin,TOR,TOR,P,Dustin,McGowan,55.3,1629.29450536522
loupa001,Loup,Aaron,TOR,TOR,P,Aaron,Loup,128.2,1815.53291276658
lincb001,Lincoln,Brad,TOR,TOR,P,Brad,Lincoln,42,1639.97793587777
laffa001,Laffey,Aaron,TOR,TOR,P,Aaron,Laffey,7,1523.32845732294
laffa001,Laffey,Aaron,TOR,TOR,P,Aaron,Laffey,-0.3,1523.32845732294
laffa001,Laffey,Aaron,NYN,NYN,P,Aaron,Laffey,7,1523.32845732294
laffa001,Laffey,Aaron,NYN,NYN,P,Aaron,Laffey,-0.3,1523.32845732294
johnj009,Johnson,Josh,TOR,TOR,P,Josh,Johnson,52.6,1907.40622128846
jenkc001,Jenkins,Chad,TOR,TOR,P,Chad,Jenkins,44,1636.01694684485
jeffj001,Jeffress,Jeremy,TOR,TOR,P,Jeremy,Jeffress,31.4,1544.94294655248
jansc001,Janssen,Casey,TOR,TOR,P,Casey,Janssen,225.2,1760.31528231302
gonze001,Gonzalez,Edgar,TOR,TOR,P,Edgar,Gonzalez,2.5,1547.70196040745
gonze001,Gonzalez,Edgar,TOR,TOR,P,Edgar,Gonzalez,0.1,1547.70196040745
gonze001,Gonzalez,Edgar,HOU,HOU,P,Edgar,Gonzalez,2.5,1547.70196040745
gonze001,Gonzalez,Edgar,HOU,HOU,P,Edgar,Gonzalez,0.1,1547.70196040745
germj001,Germano,Justin,TOR,TOR,P,Justin,Germano,-0.1,1509.30500979487
drabk001,Drabek,Kyle,TOR,TOR,P,Kyle,Drabek,3.3,1509.40642130417
delas001,Delabar,Steve,TOR,TOR,P,Steve,Delabar,139.9,1777.00955713047
cecib001,Cecil,Brett,TOR,TOR,P,Brett,Cecil,152.8,1801.3350527393
bushd001,Bush,Dave,TOR,TOR,P,Dave,Bush,-4.9,1515.49540842086
buehm001,Buehrle,Mark,TOR,TOR,P,Mark,Buehrle,220.65,2540.13099579161
wolfr002,Wolf,Ross,TEX,OAK,P,Ross,Wolf,37.2,1713.14045538175
tepen001,Tepesch,Nick,TEX,TEX,P,Nick,Tepesch,89.1,1952.02793371557
sorij001,Soria,Joakim,TEX,TEX,P,Joakim,Soria,53.4,1612.69844391067
schet001,Scheppers,Tanner,TEX,TEX,P,Tanner,Scheppers,176,1873.46819488691
rossr002,Ross,Robbie,TEX,TEX,P,Robbie,Ross,131.3,1788.49369152998
perem004,Perez,Martin,TEX,TEX,P,Martin,Perez,157.95,2104.02275444522
ortij004,Ortiz,Joe,TEX,TEX,P,Joe,Ortiz,54.6,1684.57172782276
ogana001,Ogando,Alexi,TEX,TEX,P,Alexi,Ogando,147.7,1956.32316504997
nathj001,Nathan,Joe,TEX,TEX,P,Joe,Nathan,309.1,1833.90305142477
murpd005,Murphy,David,TEX,TEX,OF,David,Murphy,2.7,909.590580590496
mcclk001,McClellan,Kyle,TEX,TEX,P,Kyle,McClellan,-2.3,1547.60223129522
lowed001,Lowe,Derek,TEX,TEX,P,Derek,Lowe,6.1,1536.08881195197
lindj004,Lindblom,Josh,TEX,TEX,P,Josh,Lindblom,16.6,1653.22483717051
kirkm001,Kirkman,Michael,TEX,TEX,P,Michael,Kirkman,18.9,1578.75815920094
holld003,Holland,Derek,TEX,TEX,P,Derek,Holland,303.6,2574.23565629636
harrm001,Harrison,Matt,TEX,TEX,P,Matt,Harrison,-2.2,1537.20882471085
grimj002,Grimm,Justin,TEX,TEX,P,Justin,Grimm,57.3,1968.11693194041
grimj002,Grimm,Justin,TEX,TEX,P,Justin,Grimm,11.8,1968.11693194041
grimj002,Grimm,Justin,CHN,CHN,P,Justin,Grimm,57.3,1968.11693194041
grimj002,Grimm,Justin,CHN,CHN,P,Justin,Grimm,11.8,1968.11693194041
garzm001,Garza,Matt,TEX,TEX,P,Matt,Garza,122.7,2248.92732905192
garzm001,Garza,Matt,TEX,TEX,P,Matt,Garza,96.45,2248.92732905192
garzm001,Garza,Matt,CHN,CHN,P,Matt,Garza,122.7,2248.92732905192
garzm001,Garza,Matt,CHN,CHN,P,Matt,Garza,96.45,2248.92732905192
frasj002,Frasor,Jason,TEX,TEX,P,Jason,Frasor,113.3,1731.34936549145
fontw001,Font,Wilmer,TEX,TEX,P,Wilmer,Font,2.6,1504.02912753336
felin001,Feliz,Neftali,TEX,TEX,P,Neftali,Feliz,12.6,1519.31050312204
darvy001,Darvish,Yu,TEX,TEX,P,Yu,Darvish,427.6,2596.45772629049
cottn001,Cotts,Neal,TEX,TEX,P,Neal,Cotts,171.4,1800.55869691594
burnc001,Burns,Cory,TEX,TEX,P,Cory,Burns,19.6,1551.49245349898
blact001,Blackley,Travis,TEX,TEX,P,Travis,Blackley,54,1715.35517223212
blact001,Blackley,Travis,TEX,TEX,P,Travis,Blackley,15.4,1715.35517223212
blact001,Blackley,Travis,HOU,HOU,P,Travis,Blackley,54,1715.35517223212
blact001,Blackley,Travis,HOU,HOU,P,Travis,Blackley,15.4,1715.35517223212
wrigw001,Wright,Wesley,TBA,TBA,P,Wesley,Wright,64.6,1728.87652529212
wrigw001,Wright,Wesley,TBA,TBA,P,Wesley,Wright,29.8,1728.87652529212
wrigw001,Wright,Wesley,HOU,HOU,P,Wesley,Wright,64.6,1728.87652529212
wrigw001,Wright,Wesley,HOU,HOU,P,Wesley,Wright,29.8,1728.87652529212
wrigj001,Wright,Jamey,TBA,TBA,P,Jamey,Wright,134,1839.45985296511
romee002,Romero,Enny,TBA,TBA,P,Enny,Romero,6.1,1522.27951767666
rodnf001,Rodney,Fernando,TBA,TBA,P,Fernando,Rodney,260,1868.68533777864
ramoc001,Ramos,Cesar,TBA,TBA,P,Cesar,Ramos,98.8,1827.74956150468
pricd001,Price,David,TBA,TBA,P,David,Price,261.5,2461.47543279643
peraj002,Peralta,Joel,TBA,TBA,P,Joel,Peralta,128.6,1855.92637977929
odorj001,Odorizzi,Jake,TBA,TBA,P,Jake,Odorizzi,34.1,1629.05390573228
moorm003,Moore,Matt,TBA,TBA,P,Matt,Moore,278.65,2297.96619486394
mcgej001,McGee,Jake,TBA,TBA,P,Jake,McGee,140.7,1815.84956612632
luekj001,Lueke,Josh,TBA,TBA,P,Josh,Lueke,28.1,1581.88458637631
carmf001,Hernandez,Roberto,TBA,TBA,P,Roberto,Hernandez,121.95,2241.53550149815
hellj001,Hellickson,Jeremy,TBA,TBA,P,Jeremy,Hellickson,165.8,2356.4263478625
gomeb001,Gomes,Brandon,TBA,TBA,P,Brandon,Gomes,45.2,1582.55614415885
fulds001,Fuld,Sam,TBA,TBA,OF,Sam,Fuld,0.9,1260.96804682818
farnk001,Farnsworth,Kyle,TBA,TBA,P,Kyle,Farnsworth,43.1,1657.5140431663
farnk001,Farnsworth,Kyle,TBA,TBA,P,Kyle,Farnsworth,27.9,1657.5140431663
farnk001,Farnsworth,Kyle,PIT,PIT,P,Kyle,Farnsworth,43.1,1657.5140431663
farnk001,Farnsworth,Kyle,PIT,PIT,P,Kyle,Farnsworth,27.9,1657.5140431663
coloa001,Colome,Alex,TBA,TBA,P,Alex,Colome,24.7,1559.76947721815
cobba001,Cobb,Alex,TBA,TBA,P,Alex,Cobb,260.75,2303.41990738485
belij001,Beliveau,Jeff,TBA,TBA,P,Jeff,Beliveau,1.3,1501.89870914171
archc001,Archer,Chris,TBA,TBA,P,Chris,Archer,184.4,2177.00299543914
westj001,Westbrook,Jake,SLN,SLN,P,Jake,Westbrook,71.25,1947.1691783195
waina001,Wainwright,Adam,SLN,SLN,P,Adam,Wainwright,411.75,2835.17202302814
wachm001,Wacha,Michael,SLN,SLN,P,Michael,Wacha,122.1,1931.79967095389
siegk001,Siegrist,Kevin,SLN,SLN,P,Kevin,Siegrist,124.1,1719.54730446429
salaf001,Salas,Fernando,SLN,SLN,P,Fernando,Salas,29.1,1614.59715772969
rzepm001,Rzepczynski,Marc,SLN,SLN,P,Marc,Rzepczynski,53.9,1619.58521476404
rzepm001,Rzepczynski,Marc,SLN,SLN,P,Marc,Rzepczynski,8.9,1619.58521476404
rzepm001,Rzepczynski,Marc,CLE,CLE,P,Marc,Rzepczynski,53.9,1619.58521476404
rzepm001,Rzepczynski,Marc,CLE,CLE,P,Marc,Rzepczynski,8.9,1619.58521476404
roset001,Rosenthal,Trevor,SLN,SLN,P,Trevor,Rosenthal,192.4,1924.22620010353
mujie001,Mujica,Edward,SLN,SLN,P,Edward,Mujica,230.1,1809.99476846547
mills001,Miller,Shelby,SLN,SLN,P,Shelby,Miller,299.25,2291.96236414312
martc006,Martinez,Carlos,SLN,SLN,P,Carlos,Martinez,43.5,1680.2077263673
martv002,Marte,Victor,SLN,SLN,P,Victor,Marte,-0.4,1514.59549971912
manes001,Maness,Seth,SLN,SLN,P,Seth,Maness,125.4,1776.53206089114
lyont001,Lyons,Tyler,SLN,SLN,P,Tyler,Lyons,48.6,1701.56882085068
lynnl001,Lynn,Lance,SLN,SLN,P,Lance,Lynn,298.5,2497.96123706668
kellj001,Kelly,Joe,SLN,SLN,P,Joe,Kelly,192.3,2111.74294094705
johnr009,Johnson,Rob,SLN,SLN,C,Rob,Johnson,1.9,1460.54835623588
gastj001,Gast,John,SLN,SLN,P,John,Gast,18.3,1546.98790742675
garcj004,Garcia,Jaime,SLN,SLN,P,Jaime,Garcia,81.9,1689.40404260394
frees001,Freeman,Sam,SLN,SLN,P,Sam,Freeman,27.3,1552.58015229957
cletm001,Cleto,Maikel,SLN,SLN,P,Maikel,Cleto,-1.7,1505.94231565422
choar001,Choate,Randy,SLN,SLN,P,Randy,Choate,88.4,1659.37391515375
butlk001,Butler,Keith,SLN,SLN,P,Keith,Butler,30,1582.93586610957
boggm001,Boggs,Mitchell,SLN,SLN,P,Mitchell,Boggs,13.9,1585.84197327402
boggm001,Boggs,Mitchell,SLN,SLN,P,Mitchell,Boggs,-4.4,1585.84197327402
boggm001,Boggs,Mitchell,COL,COL,P,Mitchell,Boggs,13.9,1585.84197327402
boggm001,Boggs,Mitchell,COL,COL,P,Mitchell,Boggs,-4.4,1585.84197327402
blazm001,Blazek,Michael,SLN,SLN,P,Michael,Blazek,11.9,1571.11791319047
blazm001,Blazek,Michael,SLN,SLN,P,Michael,Blazek,5.9,1571.11791319047
blazm001,Blazek,Michael,MIL,MIL,P,Michael,Blazek,11.9,1571.11791319047
blazm001,Blazek,Michael,MIL,MIL,P,Michael,Blazek,5.9,1571.11791319047
axfoj001,Axford,John,SLN,SLN,P,John,Axford,92.6,1796.1321606386
axfoj001,Axford,John,SLN,SLN,P,John,Axford,29.9,1796.1321606386
axfoj001,Axford,John,MIL,MIL,P,John,Axford,92.6,1796.1321606386
axfoj001,Axford,John,MIL,MIL,P,John,Axford,29.9,1796.1321606386
zitob001,Zito,Barry,SFN,SFN,P,Barry,Zito,66,2020.03527559606
voger001,Vogelsong,Ryan,SFN,SFN,P,Ryan,Vogelsong,60.9,1909.7399198493
surke001,Surkamp,Eric,SFN,SFN,P,Eric,Surkamp,-14.3,1507.53592756305
rosas001,Rosario,Sandy,SFN,SFN,P,Sandy,Rosario,71.5,1690.86076862475
romos001,Romo,Sergio,SFN,SFN,P,Sergio,Romo,230.9,1787.16071568193
petiy001,Petit,Yusmeiro,SFN,SFN,P,Yusmeiro,Petit,83.35,1676.97874693268
moscg001,Moscoso,Guillermo,SFN,SFN,P,Guillermo,Moscoso,39.5,1634.22942701131
mijaj001,Mijares,Jose,SFN,SFN,P,Jose,Mijares,84.8,1704.32226070356
machj002,Machi,Jean,SFN,SFN,P,Jean,Machi,120.1,1737.67928028438
lopej002,Lopez,Javier,SFN,SFN,P,Javier,Lopez,113.7,1683.74114468409
linct001,Lincecum,Tim,SFN,SFN,P,Tim,Lincecum,236.95,2361.07012105816
kontg001,Kontos,George,SFN,SFN,P,George,Kontos,85.4,1722.48859681836
kickm001,Kickham,Mike,SFN,SFN,P,Mike,Kickham,-7,1607.63993572063
hembh001,Hembree,Heath,SFN,SFN,P,Heath,Hembree,25.7,1535.96705961467
gaudc001,Gaudin,Chad,SFN,SFN,P,Chad,Gaudin,164.4,1908.44386994965
garcj002,Casilla,Santiago,SFN,SFN,P,Santiago,Casilla,128.5,1725.20923851415
dunnj001,Dunning,Jake,SFN,SFN,P,Jake,Dunning,36.9,1601.27571827172
cainm001,Cain,Matt,SFN,SFN,P,Matt,Cain,222.2,2323.66698318388
bumgm001,Bumgarner,Madison,SFN,SFN,P,Madison,Bumgarner,348.1,2438.71248045029
affej001,Affeldt,Jeremy,SFN,SFN,P,Jeremy,Affeldt,36.9,1643.13213134437
wilht001,Wilhelmsen,Tom,SEA,SEA,P,Tom,Wilhelmsen,151.3,1789.69290172024
walkt004,Walker,Taijuan,SEA,SEA,P,Taijuan,Walker,23.5,1571.43544419929
saunj001,Saunders,Joe,SEA,SEA,P,Joe,Saunders,110.1,2400.10617465082
ruffc001,Ruffin,Chance,SEA,SEA,P,Chance,Ruffin,5.1,1542.17174093874
ramie004,Ramirez,Erasmo,SEA,SEA,P,Erasmo,Ramirez,78.8,1855.77826001842
pryos001,Pryor,Stephen,SEA,SEA,P,Stephen,Pryor,19.3,1528.31612117689
pereo002,Perez,Oliver,SEA,SEA,P,Oliver,Perez,130.1,1747.85647129294
paxtj001,Paxton,James,SEA,SEA,P,James,Paxton,55.8,1620.79805989828
noesh001,Noesi,Hector,SEA,SEA,P,Hector,Noesi,15.8,1620.04118748316
mediy001,Medina,Yoervis,SEA,SEA,P,Yoervis,Medina,135.1,1839.53175647
maurb001,Maurer,Brandon,SEA,SEA,P,Brandon,Maurer,51,1918.84628041896
luetl001,Luetge,Lucas,SEA,SEA,P,Lucas,Luetge,40.9,1658.5130282795
loe-k001,Loe,Kameron,SEA,SEA,P,Kameron,Loe,7.5,1564.10178454888
loe-k001,Loe,Kameron,SEA,SEA,P,Kameron,Loe,6.5,1564.10178454888
loe-k001,Loe,Kameron,SEA,SEA,P,Kameron,Loe,-3,1564.10178454888
loe-k001,Loe,Kameron,CHN,CHN,P,Kameron,Loe,7.5,1564.10178454888
loe-k001,Loe,Kameron,CHN,CHN,P,Kameron,Loe,6.5,1564.10178454888
loe-k001,Loe,Kameron,CHN,CHN,P,Kameron,Loe,-3,1564.10178454888
loe-k001,Loe,Kameron,ATL,ATL,P,Kameron,Loe,7.5,1564.10178454888
loe-k001,Loe,Kameron,ATL,ATL,P,Kameron,Loe,6.5,1564.10178454888
loe-k001,Loe,Kameron,ATL,ATL,P,Kameron,Loe,-3,1564.10178454888
lafrb001,LaFromboise,Bobby,SEA,SEA,P,Bobby,LaFromboise,10.8,1544.79711362589
iwakh001,Iwakuma,Hisashi,SEA,SEA,P,Hisashi,Iwakuma,367.1,2670.68274362125
hernf002,Hernandez,Felix,SEA,SEA,P,Felix,Hernandez,346.7,2536.65483818662
haraa001,Harang,Aaron,SEA,SEA,P,Aaron,Harang,65.9,2224.41875280201
haraa001,Harang,Aaron,SEA,SEA,P,Aaron,Harang,33.6,2224.41875280201
haraa001,Harang,Aaron,NYN,NYN,P,Aaron,Harang,65.9,2224.41875280201
haraa001,Harang,Aaron,NYN,NYN,P,Aaron,Harang,33.6,2224.41875280201
furbc001,Furbush,Charlie,SEA,SEA,P,Charlie,Furbush,123.5,1825.27553905072
farqd001,Farquhar,Danny,SEA,SEA,P,Danny,Farquhar,151.8,1760.57700597157
cappc001,Capps,Carter,SEA,SEA,P,Carter,Capps,91.3,1770.22226704803
bondj001,Bonderman,Jeremy,SEA,SEA,P,Jeremy,Bonderman,17.5,1715.75354897378
bondj001,Bonderman,Jeremy,SEA,SEA,P,Jeremy,Bonderman,15.5,1715.75354897378
bondj001,Bonderman,Jeremy,DET,DET,P,Jeremy,Bonderman,17.5,1715.75354897378
bondj001,Bonderman,Jeremy,DET,DET,P,Jeremy,Bonderman,15.5,1715.75354897378
beavb001,Beavan,Blake,SEA,SEA,P,Blake,Beavan,18.6,1681.14258045996
volqe001,Volquez,Edinson,SDN,SDN,P,Edinson,Volquez,106.3,2264.3510284259
volqe001,Volquez,Edinson,SDN,SDN,P,Edinson,Volquez,28.6,2264.3510284259
volqe001,Volquez,Edinson,LAN,LAN,P,Edinson,Volquez,106.3,2264.3510284259
volqe001,Volquez,Edinson,LAN,LAN,P,Edinson,Volquez,28.6,2264.3510284259
vincn001,Vincent,Nick,SDN,SDN,P,Nick,Vincent,120.1,1711.4360129497
thayd001,Thayer,Dale,SDN,SDN,P,Dale,Thayer,123.5,1787.41964324091
thatj001,Thatcher,Joe,SDN,SDN,P,Joe,Thatcher,84,1652.88906690888
thatj001,Thatcher,Joe,SDN,SDN,P,Joe,Thatcher,11.2,1652.88906690888
thatj001,Thatcher,Joe,ARI,ARI,P,Joe,Thatcher,84,1652.88906690888
thatj001,Thatcher,Joe,ARI,ARI,P,Joe,Thatcher,11.2,1652.88906690888
stule002,Stults,Eric,SDN,SDN,P,Eric,Stults,206.4,2422.62557978204
streh001,Street,Huston,SDN,SDN,P,Huston,Street,196,1770.1715101717
staut001,Stauffer,Tim,SDN,SDN,P,Tim,Stauffer,119.1,1780.70630906708
smitb005,Smith,Burch,SDN,SDN,P,Burch,Smith,34.6,1628.77450145137
rosst001,Ross,Tyson,SDN,SDN,P,Tyson,Ross,178.5,2025.1335082923
richc002,Richard,Clayton,SDN,SDN,P,Clayton,Richard,-0.8,1673.98674330954
osuls001,O'Sullivan,Sean,SDN,SDN,P,Sean,O'Sullivan,15.5,1584.76857343921
mikom001,Mikolas,Miles,SDN,SDN,P,Miles,Mikolas,4,1504.83285556058
marqj001,Marquis,Jason,SDN,SDN,P,Jason,Marquis,133.2,1929.8032844721
kenni001,Kennedy,Ian,SDN,SDN,P,Ian,Kennedy,103.3,2200.30160073417
kenni001,Kennedy,Ian,SDN,SDN,P,Ian,Kennedy,81.8,2200.30160073417
kenni001,Kennedy,Ian,ARI,ARI,P,Ian,Kennedy,103.3,2200.30160073417
kenni001,Kennedy,Ian,ARI,ARI,P,Ian,Kennedy,81.8,2200.30160073417
hynec001,Hynes,Colt,SDN,SDN,P,Colt,Hynes,10.4,1557.62177065557
gregl001,Gregerson,Luke,SDN,SDN,P,Luke,Gregerson,144.1,1815.06827358287
erlir001,Erlin,Robbie,SDN,SDN,P,Robbie,Erlin,61.1,1669.01014685595
casha001,Cashner,Andrew,SDN,SDN,P,Andrew,Cashner,238.25,2290.74134608163
bracb001,Brach,Brad,SDN,SDN,P,Brad,Brach,66.7,1611.03766694741
boxbb001,Boxberger,Brad,SDN,SDN,P,Brad,Boxberger,44.4,1575.87272317556
bassa001,Bass,Anthony,SDN,SDN,P,Anthony,Bass,43.4,1647.45187716488
zagum001,Zagurski,Mike,PIT,PIT,P,Mike,Zagurski,-3.1,1516.52513447706
zagum001,Zagurski,Mike,PIT,PIT,P,Mike,Zagurski,-4.8,1516.52513447706
zagum001,Zagurski,Mike,NYA,NYA,P,Mike,Zagurski,-3.1,1516.52513447706
zagum001,Zagurski,Mike,NYA,NYA,P,Mike,Zagurski,-4.8,1516.52513447706
wilsj004,Wilson,Justin,PIT,PIT,P,Justin,Wilson,162.4,1835.60996042957
welkd001,Welker,Duke,PIT,PIT,P,Duke,Welker,3.6,1504.70005193221
watst001,Watson,Tony,PIT,PIT,P,Tony,Watson,149.5,1856.67139365882
sancj002,Sanchez,Jonathan,PIT,PIT,P,Jonathan,Sanchez,-14.1,1516.0263824583
rodrw002,Rodriguez,Wandy,PIT,PIT,P,Wandy,Rodriguez,84.2,1727.46929224158
reidr001,Reid,Ryan,PIT,PIT,P,Ryan,Reid,22.7,1541.51805760572
pimes001,Pimentel,Stolmy,PIT,PIT,P,Stolmy,Pimentel,18.7,1542.38092262551
mortc002,Morton,Charlie,PIT,PIT,P,Charlie,Morton,162.2,1992.84938756578
morrb002,Morris,Bryan,PIT,PIT,P,Bryan,Morris,84.5,1778.8401086603
melam001,Melancon,Mark,PIT,PIT,P,Mark,Melancon,221.2,1860.94429539548
mcdoj003,McDonald,John,PIT,PIT,SS,John,McDonald,1.9,1417.30218626411
mcdoj003,McDonald,John,PHI,PHI,SS,John,McDonald,1.9,1417.30218626411
mcdoj003,McDonald,John,CLE,CLE,SS,John,McDonald,1.9,1417.30218626411
mcdoj003,McDonald,John,BOS,BOS,SS,John,McDonald,1.9,1417.30218626411
mcdoj004,McDonald,James,PIT,PIT,P,James,McDonald,25.6,1584.23673821294
mazzv001,Mazzaro,Vin,PIT,PIT,P,Vin,Mazzaro,142.9,1838.35282300987
lockj001,Locke,Jeff,PIT,PIT,P,Jeff,Locke,219.6,2221.03450670687
lirif001,Liriano,Francisco,PIT,PIT,P,Francisco,Liriano,292.7,2282.60970521081
johnk004,Johnson,Kris,PIT,PIT,P,Kris,Johnson,1.4,1536.36381556133
irwip001,Irwin,Phil,PIT,PIT,P,Phil,Irwin,2.1,1517.68951861099
hughj001,Hughes,Jared,PIT,PIT,P,Jared,Hughes,37.9,1618.98154854364
harrj002,Harrison,Josh,PIT,PIT,3B,Josh,Harrison,0.9,1402.32938186432
grilj001,Grilli,Jason,PIT,PIT,P,Jason,Grilli,222,1744.53270680083
gomej002,Gomez,Jeanmar,PIT,PIT,P,Jeanmar,Gomez,118.8,1860.3185493381
cumpb001,Cumpton,Brandon,PIT,PIT,P,Brandon,Cumpton,51.8,1617.53576384921
contj002,Contreras,Jose,PIT,PIT,P,Jose,Contreras,4.5,1515.75095951827
coleg001,Cole,Gerrit,PIT,PIT,P,Gerrit,Cole,178.3,2053.80347054433
blacv001,Black,Vic,PIT,PIT,P,Vic,Black,40.1,1573.01409083314
blacv001,Black,Vic,PIT,PIT,P,Vic,Black,5.3,1573.01409083314
blacv001,Black,Vic,NYN,NYN,P,Vic,Black,40.1,1573.01409083314
blacv001,Black,Vic,NYN,NYN,P,Vic,Black,5.3,1573.01409083314
wellc001,Wells,Casper,PHI,PHI,OF,Casper,Wells,2.7,1381.52872070873
wellc001,Wells,Casper,PHI,PHI,OF,Casper,Wells,-12.7,1381.52872070873
wellc001,Wells,Casper,OAK,OAK,OF,Casper,Wells,2.7,1381.52872070873
wellc001,Wells,Casper,OAK,OAK,OF,Casper,Wells,-12.7,1381.52872070873
wellc001,Wells,Casper,CHA,CHA,OF,Casper,Wells,2.7,1381.52872070873
wellc001,Wells,Casper,CHA,CHA,OF,Casper,Wells,-12.7,1381.52872070873
valdr002,Valdes,Raul,PHI,PHI,P,Raul,Valdes,29.5,1627.42956786674
stutm001,Stutes,Michael,PHI,PHI,P,Michael,Stutes,28.2,1566.38100958954
savej001,Savery,Joe,PHI,PHI,P,Joe,Savery,41,1578.88350237677
roblm001,Robles,Mauricio,PHI,PHI,P,Mauricio,Robles,10.1,1514.68243342535
pettj001,Pettibone,Jonathan,PHI,PHI,P,Jonathan,Pettibone,109.4,1906.39845518752
papej001,Papelbon,Jonathan,PHI,PHI,P,Jonathan,Papelbon,224.5,1791.1962643322
minez001,Miner,Zach,PHI,PHI,P,Zach,Miner,26.4,1596.80617190541
marte002,Martin,Ethan,PHI,PHI,P,Ethan,Martin,35.5,1643.42509040025
lee-c003,Lee,Cliff,PHI,PHI,P,Cliff,Lee,388.2,2590.6745894693
lannj001,Lannan,John,PHI,PHI,P,John,Lannan,34.2,1767.92663807076
kendk001,Kendrick,Kyle,PHI,PHI,P,Kyle,Kendrick,141.9,2357.03334786484
jimec002,Jimenez,Cesar,PHI,PHI,P,Cesar,Jimenez,25.9,1567.09010612782
horsj001,Horst,Jeremy,PHI,PHI,P,Jeremy,Horst,22.2,1583.44297211729
hamec001,Hamels,Cole,PHI,PHI,P,Cole,Hamels,283.25,2576.74398042273
hallr001,Halladay,Roy,PHI,PHI,P,Roy,Halladay,34.65,1700.81385786362
garcl005,Garcia,Luis,PHI,PHI,P,Luis,Garcia,46.6,1607.35227282447
durbc001,Durbin,Chad,PHI,PHI,P,Chad,Durbin,15.2,1554.1405712189
diekj001,Diekman,Jake,PHI,PHI,P,Jake,Diekman,74.5,1670.03546765363
defrj001,De Fratus,Justin,PHI,PHI,P,Justin,De Fratus,87,1705.04603917076
cloyt001,Cloyd,Tyler,PHI,PHI,P,Tyler,Cloyd,11.9,1682.87856626141
basta001,Bastardo,Antonio,PHI,PHI,P,Antonio,Bastardo,110.2,1684.02007525127
aumop001,Aumont,Phillippe,PHI,PHI,P,Phillippe,Aumont,26.2,1557.07090578882
adamm001,Adams,Mike,PHI,PHI,P,Mike,Adams,33,1596.27824454789
strad003,Straily,Dan,OAK,OAK,P,Dan,Straily,194.3,2306.58542030744
scrie001,Scribner,Evan,OAK,OAK,P,Evan,Scribner,34,1611.54322469808
resoc001,Resop,Chris,OAK,OAK,P,Chris,Resop,19.6,1565.36889173739
parkj001,Parker,Jarrod,OAK,OAK,P,Jarrod,Parker,229.15,2566.47629276221
oterd001,Otero,Dan,OAK,OAK,P,Dan,Otero,86.3,1701.55862987482
okajh001,Okajima,Hideki,OAK,OAK,P,Hideki,Okajima,6.3,1517.98072636637
neshp001,Neshek,Pat,OAK,OAK,P,Pat,Neshek,73.9,1672.52046364108
figup001,Figueroa,Pedro,OAK,OAK,P,Pedro,Figueroa,1.1,1508.30569768224
dools001,Doolittle,Sean,OAK,OAK,P,Sean,Doolittle,135.8,1862.97717047692
grays001,Gray,Sonny,OAK,OAK,P,Sonny,Gray,118.8,1888.62883495778
cookr001,Cook,Ryan,OAK,OAK,P,Ryan,Cook,159.3,1847.7292795519
colob001,Colon,Bartolo,OAK,OAK,P,Bartolo,Colon,298.65,2499.82171568467
chavj001,Chavez,Jesse,OAK,OAK,P,Jesse,Chavez,86.3,1783.92561569067
blevj001,Blevins,Jerry,OAK,OAK,P,Jerry,Blevins,135.5,1783.14750794418
balfg001,Balfour,Grant,OAK,OAK,P,Grant,Balfour,249.7,1830.52200388304
andeb004,Anderson,Brett,OAK,OAK,P,Brett,Anderson,44.6,1671.9243446049
torrc001,Torres,Carlos,NYN,NYN,P,Carlos,Torres,120.1,1874.30315973818
rices001,Rice,Scott,NYN,NYN,P,Scott,Rice,91.7,1706.8464601033
recka001,Recker,Anthony,NYN,NYN,C,Anthony,Recker,-2.3,1350.5681562337
parnb001,Parnell,Bobby,NYN,NYN,P,Bobby,Parnell,170.5,1721.9469303058
mejij001,Mejia,Jenrry,NYN,NYN,P,Jenrry,Mejia,44.3,1597.0240976707
mchuc001,McHugh,Collin,NYN,NYN,P,Collin,McHugh,-7.1,1557.24456064353
mchuc001,McHugh,Collin,NYN,NYN,P,Collin,McHugh,-21.2,1557.24456064353
mchuc001,McHugh,Collin,COL,COL,P,Collin,McHugh,-7.1,1557.24456064353
mchuc001,McHugh,Collin,COL,COL,P,Collin,McHugh,-21.2,1557.24456064353
matsd001,Matsuzaka,Daisuke,NYN,NYN,P,Daisuke,Matsuzaka,44.9,1640.85452100013
marcs001,Marcum,Shaun,NYN,NYN,P,Shaun,Marcum,33,1762.15070300241
lyonb003,Lyon,Brandon,NYN,NYN,P,Brandon,Lyon,44.7,1615.91476635868
hefnj001,Hefner,Jeremy,NYN,NYN,P,Jeremy,Hefner,125.8,2034.57969818347
henns001,Henn,Sean,NYN,NYN,P,Sean,Henn,0.2,1505.12418644204
hawkl001,Hawkins,LaTroy,NYN,NYN,P,LaTroy,Hawkins,172.8,1820.23197411382
harvm001,Harvey,Matt,NYN,NYN,P,Matt,Harvey,344.75,2316.4515790833
germg001,Germen,Gonzalez,NYN,NYN,P,Gonzalez,Germen,57.7,1643.53976856807
gee-d001,Gee,Dillon,NYN,NYN,P,Dillon,Gee,242.3,2461.80511181022
franf001,Francisco,Frank,NYN,NYN,P,Frank,Francisco,18.6,1526.38917459489
felip002,Feliciano,Pedro,NYN,NYN,P,Pedro,Feliciano,17.1,1547.15760695568
famij001,Familia,Jeurys,NYN,NYN,P,Jeurys,Familia,18.3,1528.54031332274
edgij001,Edgin,Josh,NYN,NYN,P,Josh,Edgin,50.4,1609.00751364094
carsr001,Carson,Robert,NYN,NYN,P,Robert,Carson,2.6,1564.63994708151
byrdt001,Byrdak,Tim,NYN,NYN,P,Tim,Byrdak,4.6,1515.32605705098
burkg001,Burke,Greg,NYN,NYN,P,Greg,Burke,30,1618.13339465906
atchs001,Atchison,Scott,NYN,NYN,P,Scott,Atchison,63.4,1696.98994864321
aardd001,Aardsma,David,NYN,NYN,P,David,Aardsma,66.1,1670.06263909377
warra001,Warren,Adam,NYA,NYA,P,Adam,Warren,122.4,1843.08239700884
robed002,Robertson,David,NYA,NYA,P,David,Robertson,186.6,1806.43199936634
rivem002,Rivera,Mariano,NYA,NYA,P,Mariano,Rivera,280.8,1807.09203712828
pheld001,Phelps,David,NYA,NYA,P,David,Phelps,102,1870.5152079279
petta001,Pettitte,Andy,NYA,NYA,P,Andy,Pettitte,212.15,2438.30271941835
nunov001,Nuno,Vidal,NYA,NYA,P,Vidal,Nuno,21.5,1576.26250297453
novai001,Nova,Ivan,NYA,NYA,P,Ivan,Nova,212.95,2192.20239635194
millj005,Miller,Jim,NYA,NYA,P,Jim,Miller,-3.9,1504.3893299378
marsb001,Marshall,Brett,NYA,NYA,P,Brett,Marshall,10.9,1537.83424285406
logab001,Logan,Boone,NYA,NYA,P,Boone,Logan,111.3,1668.06839922125
kuroh001,Kuroda,Hiroki,NYA,NYA,P,Hiroki,Kuroda,252.35,2529.80713304064
kells001,Kelley,Shawn,NYA,NYA,P,Shawn,Kelley,119.5,1739.48466445113
hughp001,Hughes,Phil,NYA,NYA,P,Phil,Hughes,102.8,2248.32185303421
huffd001,Huff,David,NYA,NYA,P,David,Huff,45.1,1659.78346439762
huffd001,Huff,David,NYA,NYA,P,David,Huff,0.1,1659.78346439762
huffd001,Huff,David,CLE,CLE,P,David,Huff,45.1,1659.78346439762
huffd001,Huff,David,CLE,CLE,P,David,Huff,0.1,1659.78346439762
gonza005,Gonzalez,Alberto,NYA,NYA,SS,Alberto,Gonzalez,0.9,1448.4096584428
gonza005,Gonzalez,Alberto,CHN,CHN,SS,Alberto,Gonzalez,0.9,1448.4096584428
epplc001,Eppley,Cody,NYA,NYA,P,Cody,Eppley,-4,1507.35542334084
dalem002,Daley,Matt,NYA,NYA,P,Matt,Daley,22.7,1526.22808526236
claip001,Claiborne,Preston,NYA,NYA,P,Preston,Claiborne,70.4,1721.39843809649
chamj002,Chamberlain,Joba,NYA,NYA,P,Joba,Chamberlain,71.9,1687.22983586701
cabrc001,Cabral,Cesar,NYA,NYA,P,Cesar,Cabral,12.4,1514.33585535974
bootc001,Bootcheck,Chris,NYA,NYA,P,Chris,Bootcheck,0.7,1498.84055090587
betad001,Betances,Dellin,NYA,NYA,P,Dellin,Betances,7,1518.58187798137
worlv001,Worley,Vance,MIN,MIN,P,Vance,Worley,-5.6,1633.02726967989
tonkm001,Tonkin,Michael,MIN,MIN,P,Michael,Tonkin,26.1,1553.37034083876
thiec001,Thielbar,Caleb,MIN,MIN,P,Caleb,Thielbar,104.7,1715.18536571991
swara001,Swarzak,Anthony,MIN,MIN,P,Anthony,Swarzak,150.2,1937.91199535136
roenj001,Roenicke,Josh,MIN,MIN,P,Josh,Roenicke,101.9,1781.52190997739
robet001,Robertson,Tyler,MIN,MIN,P,Tyler,Robertson,2.2,1503.05721801719
presr001,Pressly,Ryan,MIN,MIN,P,Ryan,Pressly,99.5,1832.9334751589
perkg001,Perkins,Glen,MIN,MIN,P,Glen,Perkins,266.7,1767.88037904252
pelfm001,Pelfrey,Mike,MIN,MIN,P,Mike,Pelfrey,90.7,2252.76509713777
marts001,Martis,Shairon,MIN,MIN,P,Shairon,Martis,5.6,1542.50891225323
hernp001,Hernandez,Pedro,MIN,MIN,P,Pedro,Hernandez,17,1706.02622144062
hendl001,Hendriks,Liam,MIN,MIN,P,Liam,Hendriks,15.8,1696.01810485171
gibsk002,Gibson,Kyle,MIN,MIN,P,Kyle,Gibson,13.2,1713.53960346281
fienc001,Fien,Casey,MIN,MIN,P,Casey,Fien,141.9,1783.27190732554
duenb001,Duensing,Brian,MIN,MIN,P,Brian,Duensing,130.7,1773.62695705868
diams001,Diamond,Scott,MIN,MIN,P,Scott,Diamond,35.2,2110.72684208604
devrc001,De Vries,Cole,MIN,MIN,P,Cole,De Vries,-12,1559.92371485887
corrk001,Correia,Kevin,MIN,MIN,P,Kevin,Correia,150.9,2403.84646954617
carrj001,Carroll,Jamey,MIN,MIN,SS,Jamey,Carroll,1.7,1225.73256499411
carrj001,Carroll,Jamey,KCA,KCA,SS,Jamey,Carroll,1.7,1225.73256499411
burtj001,Burton,Jared,MIN,MIN,P,Jared,Burton,97.7,1824.18097493724
albea001,Albers,Andrew,MIN,MIN,P,Andrew,Albers,35.75,1799.85781162707
wootr001,Wooten,Rob,MIL,MIL,P,Rob,Wooten,48.7,1606.75565369696
thort001,Thornburg,Tyler,MIL,MIL,P,Tyler,Thornburg,114,1745.22465500869
rodrf003,Rodriguez,Francisco,MIL,MIL,P,Francisco,Rodriguez,92.1,1691.09293907701
rodrf003,Rodriguez,Francisco,MIL,MIL,P,Francisco,Rodriguez,47.9,1691.09293907701
rodrf003,Rodriguez,Francisco,BAL,BAL,P,Francisco,Rodriguez,92.1,1691.09293907701
rodrf003,Rodriguez,Francisco,BAL,BAL,P,Francisco,Rodriguez,47.9,1691.09293907701
peraw001,Peralta,Wily,MIL,MIL,P,Wily,Peralta,172.5,2326.79186249631
nelsj004,Nelson,Jimmy,MIL,MIL,P,Jimmy,Nelson,20,1544.11139984832
narvc001,Narveson,Chris,MIL,MIL,P,Chris,Narveson,3.4,1507.81521581619
lohsk001,Lohse,Kyle,MIL,MIL,P,Kyle,Lohse,236.9,2447.87907147475
kintb001,Kintzler,Brandon,MIL,MIL,P,Brandon,Kintzler,139.9,1845.27134398905
hendj001,Henderson,Jim,MIL,MIL,P,Jim,Henderson,225.5,1776.38359890929
hellj002,Hellweg,Johnny,MIL,MIL,P,Johnny,Hellweg,-8.2,1578.27409684721
handd001,Hand,Donovan,MIL,MIL,P,Donovan,Hand,62.5,1753.81449065611
gorzt001,Gorzelanny,Tom,MIL,MIL,P,Tom,Gorzelanny,120.9,1839.86842853961
gally001,Gallardo,Yovani,MIL,MIL,P,Yovani,Gallardo,216.3,2342.66243738827
figaa001,Figaro,Alfredo,MIL,MIL,P,Alfredo,Figaro,93.3,1813.85986009366
estrm001,Estrada,Marco,MIL,MIL,P,Marco,Estrada,184.1,2063.05205319838
burgh001,Burgos,Hiram,MIL,MIL,P,Hiram,Burgos,10.2,1581.10760212013
badeb001,Badenhop,Burke,MIL,MIL,P,Burke,Badenhop,99.3,1760.68097571374
webbr001,Webb,Ryan,MIA,MIA,P,Ryan,Webb,115.4,1849.1109801409
turnj002,Turner,Jacob,MIA,MIA,P,Jacob,Turner,111.35,1985.86176968143
slowk001,Slowey,Kevin,MIA,MIA,P,Kevin,Slowey,100.4,1829.87399685969
raucj001,Rauch,Jon,MIA,MIA,P,Jon,Rauch,10.5,1545.05647016771
qualc001,Qualls,Chad,MIA,MIA,P,Chad,Qualls,132.4,1752.87264181561
philz001,Phillips,Zach,MIA,MIA,P,Zach,Phillips,-1.5,1503.14321107021
olmoe001,Olmos,Edgar,MIA,MIA,P,Edgar,Olmos,-1.5,1511.78581410756
nolar001,Nolasco,Ricky,MIA,MIA,P,Ricky,Nolasco,139.4,2507.34120329731
nolar001,Nolasco,Ricky,MIA,MIA,P,Ricky,Nolasco,125.8,2507.34120329731
nolar001,Nolasco,Ricky,LAN,LAN,P,Ricky,Nolasco,139.4,2507.34120329731
nolar001,Nolasco,Ricky,LAN,LAN,P,Ricky,Nolasco,125.8,2507.34120329731
mainj001,Maine,John,MIA,MIA,P,John,Maine,-2.2,1509.66190810789
leblw001,LeBlanc,Wade,MIA,MIA,P,Wade,LeBlanc,23.9,1677.94003615493
leblw001,LeBlanc,Wade,MIA,MIA,P,Wade,LeBlanc,1.6,1677.94003615493
leblw001,LeBlanc,Wade,HOU,HOU,P,Wade,LeBlanc,23.9,1677.94003615493
leblw001,LeBlanc,Wade,HOU,HOU,P,Wade,LeBlanc,1.6,1677.94003615493
koeht001,Koehler,Tom,MIA,MIA,P,Tom,Koehler,118.1,2094.72861653518
jennd003,Jennings,Dan,MIA,MIA,P,Dan,Jennings,68.3,1652.72981068113
hatcc002,Hatcher,Chris,MIA,MIA,P,Chris,Hatcher,-7.1,1530.18644915887
handb001,Hand,Brad,MIA,MIA,P,Brad,Hand,29.3,1568.6936711808
flynb001,Flynn,Brian,MIA,MIA,P,Brian,Flynn,-3.4,1550.77385780465
fernj003,Fernandez,Jose,MIA,MIA,P,Jose,Fernandez,347.2,2325.27165468684
eovan001,Eovaldi,Nathan,MIA,MIA,P,Nathan,Eovaldi,126.6,1927.0663936798
dysos001,Dyson,Sam,MIA,MIA,P,Sam,Dyson,-9.3,1537.64855641501
cishs001,Cishek,Steve,MIA,MIA,P,Steve,Cishek,250.1,1804.63359025419
camia001,Caminero,Arquimedes,MIA,MIA,P,Arquimedes,Caminero,26.1,1556.14640042997
belod001,Below,Duane,MIA,MIA,P,Duane,Below,-3.8,1506.61670567181
amess001,Ames,Steve,MIA,MIA,P,Steve,Ames,2.8,1513.36205932917
alvah001,Alvarez,Henderson,MIA,MIA,P,Henderson,Alvarez,102.45,1887.58132899935
withc001,Withrow,Chris,LAN,LAN,P,Chris,Withrow,92.6,1661.23326556698
wilsb001,Wilson,Brian,LAN,LAN,P,Brian,Wilson,40.4,1575.33614901701
wallj002,Wall,Josh,LAN,LAN,P,Josh,Wall,-13.6,1514.43662873349
tolls002,Tolleson,Shawn,LAN,LAN,P,Shawn,Tolleson,0.5,1498.05573000822
schus001,Schumaker,Skip,LAN,SLN,2B,Skip,Schumaker,4.4,1121.21707882965
ryu-h001,Ryu,Hyun-Jin,LAN,LAN,P,Hyun-Jin,Ryu,296.9,2404.3513711137
rodrp001,Rodriguez,Paco,LAN,LAN,P,Paco,Rodriguez,140.2,1725.15751744608
moylp001,Moylan,Peter,LAN,LAN,P,Peter,Moylan,13.4,1539.96120491499
marmc001,Marmol,Carlos,LAN,LAN,P,Carlos,Marmol,50.1,1690.81615605194
marmc001,Marmol,Carlos,LAN,LAN,P,Carlos,Marmol,42.7,1690.81615605194
marmc001,Marmol,Carlos,CHN,CHN,P,Carlos,Marmol,50.1,1690.81615605194
marmc001,Marmol,Carlos,CHN,CHN,P,Carlos,Marmol,42.7,1690.81615605194
magim001,Magill,Matt,LAN,LAN,P,Matt,Magill,14.2,1551.41400491811
lillt001,Lilly,Ted,LAN,LAN,P,Ted,Lilly,14.1,1559.67224088171
leagb001,League,Brandon,LAN,LAN,P,Brandon,League,108.2,1709.97011745651
kersc001,Kershaw,Clayton,LAN,LAN,P,Clayton,Kershaw,463.95,2841.92388118501
jansk001,Jansen,Kenley,LAN,LAN,P,Kenley,Jansen,296.5,1861.6610333068
guerm001,Guerrier,Matt,LAN,LAN,P,Matt,Guerrier,38,1634.82444787328
guerm001,Guerrier,Matt,LAN,LAN,P,Matt,Guerrier,29.7,1634.82444787328
guerm001,Guerrier,Matt,CHN,CHN,P,Matt,Guerrier,38,1634.82444787328
guerm001,Guerrier,Matt,CHN,CHN,P,Matt,Guerrier,29.7,1634.82444787328
guerj002,Guerra,Javy,LAN,LAN,P,Javy,Guerra,13.3,1531.53165919504
greiz001,Greinke,Zack,LAN,LAN,P,Zack,Greinke,315.95,2475.40359046837
garco001,Garcia,Onelki,LAN,LAN,P,Onelki,Garcia,0.1,1501.77522689828
fifes001,Fife,Stephen,LAN,LAN,P,Stephen,Fife,71,1651.07826872988
domij002,Dominguez,Jose,LAN,LAN,P,Jose,Dominguez,14.5,1527.93530276545
capuc001,Capuano,Chris,LAN,LAN,P,Chris,Capuano,107.8,1898.21976221279
billc001,Billingsley,Chad,LAN,LAN,P,Chad,Billingsley,17.4,1520.2233669411
belir001,Belisario,Ronald,LAN,LAN,P,Ronald,Belisario,104.1,1771.32172528724
beckj002,Beckett,Josh,LAN,LAN,P,Josh,Beckett,27.75,1615.24316771843
venty001,Ventura,Yordano,KCA,KCA,P,Yordano,Ventura,14.9,1565.44949619862
teafe001,Teaford,Everett,KCA,KCA,P,Everett,Teaford,1.3,1502.72676094119
smitw002,Smith,Will,KCA,KCA,P,Will,Smith,72.5,1653.39637125696
shiej002,Shields,James,KCA,KCA,P,James,Shields,342.9,2701.24480820138
sante001,Santana,Ervin,KCA,KCA,P,Ervin,Santana,274.2,2612.28273448336
mendl001,Mendoza,Luis,KCA,KCA,P,Luis,Mendoza,48.8,1905.28353917591
josed001,Joseph,Donnie,KCA,KCA,P,Donnie,Joseph,16.8,1524.36662906139
hollg001,Holland,Greg,KCA,KCA,P,Greg,Holland,344.4,1813.17884979838
hochl001,Hochevar,Luke,KCA,KCA,P,Luke,Hochevar,183.4,1832.56949301463
herrk001,Herrera,Kelvin,KCA,KCA,P,Kelvin,Herrera,121.5,1752.15651707382
guthj001,Guthrie,Jeremy,KCA,KCA,P,Jeremy,Guthrie,205.75,2532.24269302129
dwyec001,Dwyer,Chris,KCA,KCA,P,Chris,Dwyer,6.6,1512.98024294876
duffd001,Duffy,Danny,KCA,KCA,P,Danny,Duffy,51.7,1600.10799810555
daviw001,Davis,Wade,KCA,KCA,P,Wade,Davis,119.9,2124.42630014722
crowa001,Crow,Aaron,KCA,KCA,P,Aaron,Crow,105.1,1703.83571847296
collt001,Collins,Tim,KCA,KCA,P,Tim,Collins,95,1724.99209912579
colel001,Coleman,Louis,KCA,KCA,P,Louis,Coleman,89.1,1626.05603507719
chenb001,Chen,Bruce,KCA,KCA,P,Bruce,Chen,171.2,2119.42497899735
buenf001,Bueno,Francisley,KCA,KCA,P,Francisley,Bueno,22.5,1536.87487671587
zeidj001,Zeid,Josh,HOU,HOU,P,Josh,Zeid,44.7,1610.40110701673
veraj001,Veras,Jose,HOU,HOU,P,Jose,Veras,129.6,1801.95616343798
veraj001,Veras,Jose,HOU,HOU,P,Jose,Veras,40.1,1801.95616343798
veraj001,Veras,Jose,DET,DET,P,Jose,Veras,129.6,1801.95616343798
veraj001,Veras,Jose,DET,DET,P,Jose,Veras,40.1,1801.95616343798
peacb001,Peacock,Brad,HOU,HOU,P,Brad,Peacock,86,1849.53229882664
norrb001,Norris,Bud,HOU,HOU,P,Bud,Norris,129.7,2282.27600368369
norrb001,Norris,Bud,HOU,HOU,P,Bud,Norris,73.3,2282.27600368369
norrb001,Norris,Bud,BAL,BAL,P,Bud,Norris,129.7,2282.27600368369
norrb001,Norris,Bud,BAL,BAL,P,Bud,Norris,73.3,2282.27600368369
martd005,Martinez,David,HOU,HOU,P,David,Martinez,6.6,1549.02074392061
lylej001,Lyles,Jordan,HOU,HOU,P,Jordan,Lyles,93.5,2168.73210716005
keucd001,Keuchel,Dallas,HOU,HOU,P,Dallas,Keuchel,130.9,2224.83439005018
humbp001,Humber,Philip,HOU,HOU,P,Philip,Humber,-18.9,1707.26025967687
oberb001,Oberholtzer,Brett,HOU,HOU,P,Brett,Oberholtzer,91,1828.90204541856
lo--c001,Lo,Chia-Jen,HOU,HOU,P,Chia-Jen,Lo,24.7,1576.49293538646
harrl002,Harrell,Lucas,HOU,HOU,P,Lucas,Harrell,47.4,2229.41188578761
fielj002,Fields,Josh,HOU,HOU,P,Josh,Fields,71.1,1654.34615948191
elmoj001,Elmore,Jake,HOU,HOU,2B,Jake,Elmore,1.7,1369.16855364018
delej002,De Leon,Jorge,HOU,HOU,P,Jorge,De Leon,7.5,1538.83058407451
cruzr001,Cruz,Rhiner,HOU,HOU,P,Rhiner,Cruz,21.6,1561.68976205787
cosaj001,Cosart,Jarred,HOU,HOU,P,Jarred,Cosart,84,1760.4413551872
clemp002,Clemens,Paul,HOU,HOU,P,Paul,Clemens,54.5,1824.33247027372
cisnj001,Cisnero,Jose,HOU,HOU,P,Jose,Cisnero,65.4,1666.62541748987
chapk002,Chapman,Kevin,HOU,HOU,P,Kevin,Chapman,46.9,1580.41214025185
bedae001,Bedard,Erik,HOU,HOU,P,Erik,Bedard,152.2,2211.71971084116
ambrh001,Ambriz,Hector,HOU,HOU,P,Hector,Ambriz,44.1,1624.284291487
villb002,Villarreal,Brayan,DET,DET,P,Brayan,Villarreal,0.5,1503.51536949877
villb002,Villarreal,Brayan,DET,DET,P,Brayan,Villarreal,-13.3,1503.51536949877
villb002,Villarreal,Brayan,BOS,BOS,P,Brayan,Villarreal,0.5,1503.51536949877
villb002,Villarreal,Brayan,BOS,BOS,P,Brayan,Villarreal,-13.3,1503.51536949877
verlj001,Verlander,Justin,DET,DET,P,Justin,Verlander,331,2779.4049269767
valvj001,Valverde,Jose,DET,DET,P,Jose,Valverde,51.2,1575.37871409966
smyld001,Smyly,Drew,DET,DET,P,Drew,Smyly,193.7,1863.28075579684
schem001,Scherzer,Max,DET,DET,P,Max,Scherzer,446.2,2789.46427291756
sanca004,Sanchez,Anibal,DET,DET,P,Anibal,Sanchez,355.65,2563.2702317485
reede002,Reed,Evan,DET,DET,P,Evan,Reed,26,1596.10329927843
rondb001,Rondon,Bruce,DET,DET,P,Bruce,Rondon,55.4,1618.5483515701
putkl001,Putkonen,Luke,DET,DET,P,Luke,Putkonen,50.6,1621.07296407249
porcr001,Porcello,Rick,DET,DET,P,Rick,Porcello,220.15,2385.73526847914
ortej001,Ortega,Jose,DET,DET,P,Jose,Ortega,11.5,1539.9156020794
fistd001,Fister,Doug,DET,DET,P,Doug,Fister,276.65,2600.98244389235
downd001,Downs,Darin,DET,DET,P,Darin,Downs,47.9,1637.23012102376
doteo001,Dotel,Octavio,DET,DET,P,Octavio,Dotel,-1.4,1505.57209922898
cokep001,Coke,Phil,DET,DET,P,Phil,Coke,37.5,1658.13687086226
benoj001,Benoit,Joaquin,DET,DET,P,Joaquin,Benoit,240.4,1843.81852863967
alvaj003,Alvarez,Jose,DET,DET,P,Jose,Alvarez,17.4,1676.30828073602
albua001,Alburquerque,Al,DET,DET,P,Al,Alburquerque,108.3,1736.33980593902
volsc001,Volstad,Chris,COL,COL,P,Chris,Volstad,-4,1516.10066063172
scahr001,Scahill,Rob,COL,COL,P,Rob,Scahill,37.5,1606.80687435449
pomed001,Pomeranz,Drew,COL,COL,P,Drew,Pomeranz,3,1533.62603080489
outmj001,Outman,Josh,COL,COL,P,Josh,Outman,108.3,1676.37727734709
ottaa001,Ottavino,Adam,COL,COL,P,Adam,Ottavino,142.5,1806.85621037913
oswar001,Oswalt,Roy,COL,COL,P,Roy,Oswalt,-8.7,1587.57841172642
nicaj001,Nicasio,Juan,COL,COL,P,Juan,Nicasio,141.7,2182.24224622065
mansj001,Manship,Jeff,COL,COL,P,Jeff,Manship,-7.7,1591.9051991781
lopew001,Lopez,Wilton,COL,COL,P,Wilton,Lopez,100.9,1773.64326252335
kensl001,Kensing,Logan,COL,COL,P,Logan,Kensing,2.3,1502.45757186504
garlj001,Garland,Jon,COL,COL,P,Jon,Garland,23.6,1689.83517053084
franj003,Francis,Jeff,COL,COL,P,Jeff,Francis,52.9,1722.21468519614
escae001,Escalona,Edgmer,COL,COL,P,Edgmer,Escalona,34.7,1634.95115850717
chatt001,Chatwood,Tyler,COL,COL,P,Tyler,Chatwood,144.35,1873.63058047125
chacj001,Chacin,Jhoulys,COL,COL,P,Jhoulys,Chacin,241.3,2384.14472652642
brotr001,Brothers,Rex,COL,COL,P,Rex,Brothers,224.8,1754.33462676136
bettc001,Bettis,Chad,COL,COL,P,Chad,Bettis,26.6,1617.99992708721
betar001,Betancourt,Rafael,COL,COL,P,Rafael,Betancourt,87.4,1606.16344217257
belim001,Belisle,Matt,COL,COL,P,Matt,Belisle,107.6,1783.51070251846
woodb004,Wood,Blake,CLE,CLE,P,Blake,Wood,3.6,1503.80202278615
tomlj001,Tomlin,Josh,CLE,CLE,P,Josh,Tomlin,2.9,1506.77853989118
smitj002,Smith,Joe,CLE,CLE,P,Joe,Smith,157.6,1742.36328349709
shawb001,Shaw,Bryan,CLE,CLE,P,Bryan,Shaw,163,1823.63479848026
salad001,Salazar,Danny,CLE,CLE,P,Danny,Salazar,92.4,1722.38585701013
rapac001,Rapada,Clay,CLE,CLE,P,Clay,Rapada,4.4,1507.59452053334
rabur001,Raburn,Ryan,CLE,CLE,2B,Ryan,Raburn,2.7,1269.49551777999
pestv001,Pestano,Vinnie,CLE,CLE,P,Vinnie,Pestano,79.9,1615.10101040725
perec002,Perez,Chris,CLE,CLE,P,Chris,Perez,176.8,1705.66809421498
myerb001,Myers,Brett,CLE,CLE,P,Brett,Myers,-10.4,1573.81447260492
mcalz001,McAllister,Zach,CLE,CLE,P,Zach,McAllister,161.2,2118.22945915121
mastj001,Masterson,Justin,CLE,CLE,P,Justin,Masterson,312.85,2449.94342293166
martj004,Martinez,Joe,CLE,CLE,P,Joe,Martinez,12,1515.55814991497
langm002,Langwell,Matt,CLE,CLE,P,Matt,Langwell,12.9,1534.96075271074
langm002,Langwell,Matt,CLE,CLE,P,Matt,Langwell,10.4,1534.96075271074
langm002,Langwell,Matt,ARI,ARI,P,Matt,Langwell,12.9,1534.96075271074
langm002,Langwell,Matt,ARI,ARI,P,Matt,Langwell,10.4,1534.96075271074
klubc001,Kluber,Corey,CLE,CLE,P,Corey,Kluber,223.8,2151.97445994768
kazms001,Kazmir,Scott,CLE,CLE,P,Scott,Kazmir,227.1,2254.10117236717
jimeu001,Jimenez,Ubaldo,CLE,CLE,P,Ubaldo,Jimenez,311.2,2371.57767588829
hillr001,Hill,Rich,CLE,CLE,P,Rich,Hill,69.9,1634.09570274053
hagan001,Hagadone,Nick,CLE,CLE,P,Nick,Hagadone,43.6,1606.47674934171
guilp001,Guilmet,Preston,CLE,CLE,P,Preston,Guilmet,-2.6,1513.619148579
carrc003,Carrasco,Carlos,CLE,CLE,P,Carlos,Carrasco,11.5,1647.73232977446
bauet001,Bauer,Trevor,CLE,CLE,P,Trevor,Bauer,9.4,1540.2786575312
barns002,Barnes,Scott,CLE,CLE,P,Scott,Barnes,8.4,1521.43090647734
allec002,Allen,Cody,CLE,CLE,P,Cody,Allen,198.9,1805.77299074749
albem001,Albers,Matt,CLE,CLE,P,Matt,Albers,102.6,1734.41678285451
villp001,Villarreal,Pedro,CIN,CIN,P,Pedro,Villarreal,-8.2,1502.43424887019
simoa001,Simon,Alfredo,CIN,CIN,P,Alfredo,Simon,154.7,1874.53997836349
reyng001,Reynolds,Greg,CIN,CIN,P,Greg,Reynolds,7.2,1563.90437652952
partc001,Partch,Curtis,CIN,CIN,P,Curtis,Partch,15,1561.42217147911
parrm001,Parra,Manny,CIN,CIN,P,Manny,Parra,101.7,1662.92914082925
ondrl001,Ondrusek,Logan,CIN,CIN,P,Logan,Ondrusek,102,1709.14811894977
marss002,Marshall,Sean,CIN,CIN,P,Sean,Marshall,22.4,1539.75580106356
lecus001,LeCure,Sam,CIN,CIN,P,Sam,LeCure,141.7,1718.29799125261
leakm001,Leake,Mike,CIN,CIN,P,Mike,Leake,252.3,2376.51646566392
latom001,Latos,Mat,CIN,CIN,P,Mat,Latos,336.55,2477.66406796637
freej001,Freeman,Justin,CIN,CIN,P,Justin,Freeman,-2.3,1501.37603163196
cuetj001,Cueto,Johnny,CIN,CIN,P,Johnny,Cueto,103.3,1722.86011688884
cingt001,Cingrani,Tony,CIN,CIN,P,Tony,Cingrani,201.1,1895.47094445555
chrin001,Christiani,Nick,CIN,CIN,P,Nick,Christiani,5.3,1509.69668542612
chapa001,Chapman,Aroldis,CIN,CIN,P,Aroldis,Chapman,296.4,1755.74851457103
broxj001,Broxton,Jonathan,CIN,CIN,P,Jonathan,Broxton,50.8,1606.73205207879
bailh001,Bailey,Homer,CIN,CIN,P,Homer,Bailey,299.3,2474.13004092052
arrob001,Arroyo,Bronson,CIN,CIN,P,Bronson,Arroyo,219.9,2432.93601149813
woodt004,Wood,Travis,CHN,CHN,P,Travis,Wood,250,2397.4442396669
villc001,Villanueva,Carlos,CHN,CHN,P,Carlos,Villanueva,160.9,1961.89938131829
takah001,Takahashi,Hisanori,CHN,CHN,P,Hisanori,Takahashi,4.1,1505.00928583727
strop001,Strop,Pedro,CHN,CHN,P,Pedro,Strop,83.5,1714.22729064632
strop001,Strop,Pedro,CHN,CHN,P,Pedro,Strop,16.3,1714.22729064632
strop001,Strop,Pedro,BAL,BAL,P,Pedro,Strop,83.5,1714.22729064632
strop001,Strop,Pedro,BAL,BAL,P,Pedro,Strop,16.3,1714.22729064632
sance001,Sanchez,Eduardo,CHN,CHN,P,Eduardo,Sanchez,1.6,1514.22190754278
samaj001,Samardzija,Jeff,CHN,CHN,P,Jeff,Samardzija,262.4,2448.74670824559
russj003,Russell,James,CHN,CHN,P,James,Russell,75.2,1685.73711738421
rusic001,Rusin,Chris,CHN,CHN,P,Chris,Rusin,48.1,1692.96959309402
rondh001,Rondon,Hector,CHN,CHN,P,Hector,Rondon,78.1,1671.77162612242
raleb001,Raley,Brooks,CHN,CHN,P,Brooks,Raley,19.3,1540.97919196442
putnz001,Putnam,Zach,CHN,CHN,P,Zach,Putnam,-3.5,1505.37615373762
parkb001,Parker,Blake,CHN,CHN,P,Blake,Parker,106.1,1662.98703420317
lim-c001,Lim,Chang-Yong,CHN,CHN,P,Chang-Yong,Lim,8,1511.33886753732
jacke001,Jackson,Edwin,CHN,CHN,P,Edwin,Jackson,126.9,2205.46931111693
gregk001,Gregg,Kevin,CHN,CHN,P,Kevin,Gregg,196.4,1716.12944195756
fujik001,Fujikawa,Kyuji,CHN,CHN,P,Kyuji,Fujikawa,26.4,1530.0085138216
felds001,Feldman,Scott,CHN,CHN,P,Scott,Feldman,118.45,2309.60430154046
felds001,Feldman,Scott,CHN,CHN,P,Scott,Feldman,91.05,2309.60430154046
felds001,Feldman,Scott,BAL,BAL,P,Scott,Feldman,118.45,2309.60430154046
felds001,Feldman,Scott,BAL,BAL,P,Scott,Feldman,91.05,2309.60430154046
dolir001,Dolis,Rafael,CHN,CHN,P,Rafael,Dolis,8.5,1515.76105390604
camps002,Camp,Shawn,CHN,CHN,P,Shawn,Camp,15.6,1558.78705240898
cabra003,Cabrera,Alberto,CHN,CHN,P,Alberto,Cabrera,8.7,1516.49047198619
burna002,Burnett,Alex,CHN,CHN,P,Alex,Burnett,1.7,1501.93707714917
burna002,Burnett,Alex,CHN,CHN,P,Alex,Burnett,-1.4,1501.93707714917
burna002,Burnett,Alex,BAL,BAL,P,Alex,Burnett,1.7,1501.93707714917
burna002,Burnett,Alex,BAL,BAL,P,Alex,Burnett,-1.4,1501.93707714917
bowdm001,Bowden,Michael,CHN,CHN,P,Michael,Bowden,40.2,1604.39140492194
bakes002,Baker,Scott,CHN,CHN,P,Scott,Baker,13.5,1547.4956529271
arrij001,Arrieta,Jake,CHN,CHN,P,Jake,Arrieta,69.5,1719.6153869363
arrij001,Arrieta,Jake,CHN,CHN,P,Jake,Arrieta,11.9,1719.6153869363
arrij001,Arrieta,Jake,BAL,BAL,P,Jake,Arrieta,69.5,1719.6153869363
arrij001,Arrieta,Jake,BAL,BAL,P,Jake,Arrieta,11.9,1719.6153869363
webbd001,Webb,Daniel,CHA,CHA,P,Daniel,Webb,20.1,1531.34243886704
veald001,Veal,Donnie,CHA,CHA,P,Donnie,Veal,55.2,1596.96389704904
tronr001,Troncoso,Ramon,CHA,CHA,P,Ramon,Troncoso,26.5,1604.32642260367
thorm001,Thornton,Matt,CHA,CHA,P,Matt,Thornton,38.6,1647.8810854997
thorm001,Thornton,Matt,CHA,CHA,P,Matt,Thornton,21.4,1647.8810854997
thorm001,Thornton,Matt,BOS,BOS,P,Matt,Thornton,38.6,1647.8810854997
thorm001,Thornton,Matt,BOS,BOS,P,Matt,Thornton,21.4,1647.8810854997
santh001,Santiago,Hector,CHA,CHA,P,Hector,Santiago,194.8,2165.79336251567
salec001,Sale,Chris,CHA,CHA,P,Chris,Sale,342.2,2558.68259031772
riena001,Rienzo,Andre,CHA,CHA,P,Andre,Rienzo,46.2,1705.50238579164
reeda001,Reed,Addison,CHA,CHA,P,Addison,Reed,255.6,1810.11899107732
quinj001,Quintana,Jose,CHA,CHA,P,Jose,Quintana,271.5,2479.62829392471
purcd001,Purcey,David,CHA,CHA,P,David,Purcey,53.4,1595.04416351392
petrj001,Petricka,Jake,CHA,CHA,P,Jake,Petricka,27.2,1555.51967785964
peavj001,Peavy,Jake,CHA,CHA,P,Jake,Peavy,118.25,2235.91423862505
peavj001,Peavy,Jake,CHA,CHA,P,Jake,Peavy,81.35,2235.91423862505
peavj001,Peavy,Jake,BOS,BOS,P,Jake,Peavy,118.25,2235.91423862505
peavj001,Peavy,Jake,BOS,BOS,P,Jake,Peavy,81.35,2235.91423862505
omogb001,Omogrosso,Brian,CHA,CHA,P,Brian,Omogrosso,-0.4,1539.33943344708
lindm001,Lindstrom,Matt,CHA,CHA,P,Matt,Lindstrom,106.8,1704.80643390986
jonen001,Jones,Nate,CHA,CHA,P,Nate,Jones,140.6,1801.41259706357
johne003,Johnson,Erik,CHA,CHA,P,Erik,Johnson,37.7,1589.05305501281
heatd001,Heath,Deunte,CHA,CHA,P,Deunte,Heath,-5.3,1520.41299850496
floyg001,Floyd,Gavin,CHA,CHA,P,Gavin,Floyd,12.7,1571.44887102235
dankj001,Danks,John,CHA,CHA,P,John,Danks,80,2121.51641920017
craij001,Crain,Jesse,CHA,CHA,P,Jesse,Crain,99,1633.7946360763
casts002,Castro,Simon,CHA,CHA,P,Simon,Castro,8,1527.05191871442
axeld001,Axelrod,Dylan,CHA,CHA,P,Dylan,Axelrod,52,2076.99298183894
wrigs001,Wright,Steven,BOS,BOS,P,Steven,Wright,20,1538.58817781109
workb001,Workman,Brandon,BOS,BOS,P,Brandon,Workman,73,1699.05761298156
wilsa001,Wilson,Alex,BOS,BOS,P,Alex,Wilson,38.2,1577.08868188292
websa001,Webster,Allen,BOS,BOS,P,Allen,Webster,1.4,1577.10653401016
uehak001,Uehara,Koji,BOS,BOS,P,Koji,Uehara,283.7,1902.9019276375
tazaj001,Tazawa,Junichi,BOS,BOS,P,Junichi,Tazawa,144.5,1804.25932268734
mortc003,Mortensen,Clayton,BOS,BOS,P,Clayton,Mortensen,29.4,1592.62259020894
moraf001,Morales,Franklin,BOS,BOS,P,Franklin,Morales,35.4,1583.322010179
milla002,Miller,Andrew,BOS,BOS,P,Andrew,Miller,81.3,1597.05047342985
lestj001,Lester,Jon,BOS,BOS,P,Jon,Lester,300.25,2715.19405837225
lackj001,Lackey,John,BOS,BOS,P,John,Lackey,244.2,2586.51405043269
hanrj001,Hanrahan,Joel,BOS,BOS,P,Joel,Hanrahan,10.3,1522.03038114445
doubf001,Doubront,Felix,BOS,BOS,P,Felix,Doubront,212.3,2250.65519786299
dempr002,Dempster,Ryan,BOS,BOS,P,Ryan,Dempster,199.6,2322.91244024923
buchc001,Buchholz,Clay,BOS,BOS,P,Clay,Buchholz,236.75,2065.29378090666
britd001,Britton,Drake,BOS,BOS,P,Drake,Britton,33.2,1561.92757404016
bresc001,Breslow,Craig,BOS,BOS,P,Craig,Breslow,123.1,1742.35694561914
beatp001,Beato,Pedro,BOS,BOS,P,Pedro,Beato,14,1526.25266237514
bardd001,Bard,Daniel,BOS,BOS,P,Daniel,Bard,1.2,1500.3161032478
baila001,Bailey,Andrew,BOS,BOS,P,Andrew,Bailey,96.4,1593.43345343144
aceva001,Aceves,Alfredo,BOS,BOS,P,Alfredo,Aceves,43.9,1610.22218406271
valdl001,Asencio,Jairo,BAL,BAL,P,Jairo,Asencio,4.8,1504.34649744946
tillc001,Tillman,Chris,BAL,BAL,P,Chris,Tillman,308.85,2402.76340980379
stinj001,Stinson,Josh,BAL,BAL,P,Josh,Stinson,25.9,1550.92677669602
pattt001,Patton,Troy,BAL,BAL,P,Troy,Patton,99.2,1674.48668821972
odayd001,O'Day,Darren,BAL,BAL,P,Darren,O'Day,151.4,1715.40764305239
matub001,Matusz,Brian,BAL,BAL,P,Brian,Matusz,107.7,1676.13322185728
jurrj001,Jurrjens,Jair,BAL,BAL,P,Jair,Jurrjens,7.8,1513.11716654065
johns001,Johnson,Steve,BAL,BAL,P,Steve,Johnson,17.3,1551.04445060318
johnj010,Johnson,Jim,BAL,BAL,P,Jim,Johnson,261.4,1715.18525317069
huntt002,Hunter,Tommy,BAL,BAL,P,Tommy,Hunter,167.6,1835.62480736497
hammj002,Hammel,Jason,BAL,BAL,P,Jason,Hammel,121.2,2034.31606249128
gonzm003,Gonzalez,Miguel,BAL,BAL,P,Miguel,Gonzalez,208.6,2257.69904818185
gausk001,Gausman,Kevin,BAL,BAL,P,Kevin,Gausman,48.2,1678.47947322996
garcf002,Garcia,Freddy,BAL,BAL,P,Freddy,Garcia,41.8,1808.49297366004
garcf002,Garcia,Freddy,BAL,BAL,P,Freddy,Garcia,19.1,1808.49297366004
garcf002,Garcia,Freddy,ATL,ATL,P,Freddy,Garcia,41.8,1808.49297366004
garcf002,Garcia,Freddy,ATL,ATL,P,Freddy,Garcia,19.1,1808.49297366004
clarz001,Clark,Zach,BAL,BAL,P,Zach,Clark,-2.5,1505.15962512915
chenw001,Chen,Wei-Yin,BAL,BAL,P,Wei-Yin,Chen,155.9,2048.42982673964
britz001,Britton,Zach,BAL,BAL,P,Zach,Britton,22,1604.55242821216
belfm001,Belfiore,Mike,BAL,BAL,P,Mike,Belfiore,-1.9,1499.23386693491
ayall001,Ayala,Luis,BAL,BAL,P,Luis,Ayala,55.7,1597.83087709533
ayall001,Ayala,Luis,BAL,BAL,P,Luis,Ayala,5.4,1597.83087709533
ayall001,Ayala,Luis,ATL,ATL,P,Luis,Ayala,55.7,1597.83087709533
ayall001,Ayala,Luis,ATL,ATL,P,Luis,Ayala,5.4,1597.83087709533
wooda002,Wood,Alex,ATL,ATL,P,Alex,Wood,129.7,1745.31227101047
waldj001,Walden,Jordan,ATL,ATL,P,Jordan,Walden,106.4,1683.77463367908
varva001,Varvaro,Anthony,ATL,ATL,P,Anthony,Varvaro,127,1756.7001126367
tehej001,Teheran,Julio,ATL,ATL,P,Julio,Teheran,299.8,2324.74607035119
rasmc002,Rasmus,Cory,ATL,ATL,P,Cory,Rasmus,25,1578.45190329415
rasmc002,Rasmus,Cory,ATL,ATL,P,Cory,Rasmus,3.5,1578.45190329415
rasmc002,Rasmus,Cory,ANA,ANA,P,Cory,Rasmus,25,1578.45190329415
rasmc002,Rasmus,Cory,ANA,ANA,P,Cory,Rasmus,3.5,1578.45190329415
oflae001,O'Flaherty,Eric,ATL,ATL,P,Eric,O'Flaherty,44.1,1552.74522006465
minom001,Minor,Mike,ATL,ATL,P,Mike,Minor,313.35,2433.87892854165
medlk001,Medlen,Kris,ATL,ATL,P,Kris,Medlen,285.4,2342.52275026375
martc005,Martinez,Cristhian,ATL,ATL,P,Cristhian,Martinez,-0.2,1501.31898404978
mahop002,Maholm,Paul,ATL,ATL,P,Paul,Maholm,147.6,2078.9618570691
kimbc001,Kimbrel,Craig,ATL,ATL,P,Craig,Kimbrel,348.4,1756.74569983733
hudst001,Hudson,Tim,ATL,ATL,P,Tim,Hudson,151.1,1993.020152304
haled001,Hale,David,ATL,ATL,P,David,Hale,30.2,1520.57905965375
gearc001,Gearrin,Cory,ATL,ATL,P,Cory,Gearrin,59.7,1576.21903120104
downs001,Downs,Scott,ATL,ATL,P,Scott,Downs,62.7,1616.96232694568
downs001,Downs,Scott,ATL,ATL,P,Scott,Downs,36.3,1616.96232694568
downs001,Downs,Scott,ANA,ANA,P,Scott,Downs,62.7,1616.96232694568
downs001,Downs,Scott,ANA,ANA,P,Scott,Downs,36.3,1616.96232694568
carpd001,Carpenter,David,ATL,ATL,P,David,Carpenter,166.8,1744.74568923755
beacb001,Beachy,Brandon,ATL,ATL,P,Brandon,Beachy,35.5,1583.9216866093
avill001,Avilan,Luis,ATL,ATL,P,Luis,Avilan,150.5,1747.93482097734
ziegb001,Ziegler,Brad,ARI,ARI,P,Brad,Ziegler,201.6,1746.23169765292
spruz001,Spruill,Zeke,ARI,ARI,P,Zeke,Spruill,3.6,1525.98065513711
skagt001,Skaggs,Tyler,ARI,ARI,P,Tyler,Skaggs,37.9,1588.10152898433
sippt001,Sipp,Tony,ARI,ARI,P,Tony,Sipp,78.2,1618.36941074983
roe-c001,Roe,Chaz,ARI,ARI,P,Chaz,Roe,45.3,1566.37638430835
reynm002,Reynolds,Matt,ARI,ARI,P,Matt,Reynolds,56.8,1580.66692699547
patej001,Paterson,Joe,ARI,ARI,P,Joe,Paterson,3.8,1501.81971553996
milew001,Miley,Wade,ARI,ARI,P,Wade,Miley,246.7,2266.17902609418
mccab001,McCarthy,Brandon,ARI,ARI,P,Brandon,McCarthy,89.5,1948.47152946668
holmd002,Holmberg,David,ARI,ARI,P,David,Holmberg,-1.1,1501.07452900856
hernd002,Hernandez,David,ARI,ARI,P,David,Hernandez,111.8,1722.78365210278
harrw002,Harris,Will,ARI,ATI,P,Will,Harris,124.7,1668.42189081887
delgr001,Delgado,Randall,ARI,ARI,P,Randall,Delgado,110.35,1880.43767438448
corbp001,Corbin,Patrick,ARI,ARI,P,Patrick,Corbin,312.25,2410.9148853006
collj001,Collmenter,Josh,ARI,ARI,P,Josh,Collmenter,155.9,1836.43436713194
cahit001,Cahill,Trevor,ARI,ARI,P,Trevor,Cahill,153,2031.22195806587
brewc001,Brewer,Charles,ARI,ARI,P,Charles,Brewer,10.2,1514.28591906067
bellh001,Bell,Heath,ARI,ARI,P,Heath,Bell,182.3,1711.86651707178
willj003,Williams,Jerome,ANA,ANA,P,Jerome,Williams,152.7,2197.15277325502
weavj003,Weaver,Jered,ANA,ANA,P,Jered,Weaver,214.2,2133.86419840841
vargj001,Vargas,Jason,ANA,ANA,P,Jason,Vargas,172.25,2094.73444541061
stand001,Stange,Daniel,ANA,ANA,P,Daniel,Stange,-5.5,1504.17324521151
shoem001,Shoemaker,Matt,ANA,ANA,P,Matt,Shoemaker,11.5,1511.89155947884
rothm001,Roth,Michael,ANA,ANA,P,Michael,Roth,16.5,1539.17421077588
richg002,Richards,Garrett,ANA,ANA,P,Garrett,Richards,164.25,2093.09757405329
maron001,Maronde,Nick,ANA,ANA,P,Nick,Maronde,8.4,1511.03575609117
lowem002,Lowe,Mark,ANA,ANA,P,Mark,Lowe,6.5,1521.70943037485
kohnm001,Kohn,Michael,ANA,ANA,P,Michael,Kohn,91.1,1678.95751775817
jepsk001,Jepsen,Kevin,ANA,ANA,P,Kevin,Jepsen,57.7,1609.13443200583
hanst001,Hanson,Tommy,ANA,ANA,P,Tommy,Hanson,67.1,1705.9781447845
friee001,Frieri,Ernesto,ANA,ANA,P,Ernesto,Frieri,258.9,1742.97979993939
enrib001,Enright,Barry,ANA,ANA,P,Barry,Enright,-14,1514.05612297758
coelr001,Coello,Robert,ANA,ANA,P,Robert,Coello,40.4,1547.02245624879
carpd002,Carpenter,David,ANA,ANA,P,David,Carpenter,-6.1,1497.03636755552
burns001,Burnett,Sean,ANA,ANA,P,Sean,Burnett,23.1,1520.60119322942
buckb002,Buckner,Billy,ANA,ANA,P,Billy,Buckner,17.3,1547.34517427211
brasr001,Brasier,Ryan,ANA,ANA,P,Ryan,Brasier,17.3,1524.25159930466
boshb001,Boshers,Buddy,ANA,ANA,P,Buddy,Boshers,27.9,1546.38910995807
blanj001,Blanton,Joe,ANA,ANA,P,Joe,Blanton,55.2,1962.90495729839
