player_id,last_name_tx,first_name_tx,team_id,team_tx,pos_tx,elo_rating
zimmr001,Zimmerman,Ryan,WAS,WAS,3B,1500
zimmj003,Zimmermann,Jordan,WAS,WAS,P,1500
wertj001,Werth,Jayson,WAS,WAS,OF,1500
waltz001,Walters,Zach,WAS,WAS,SS,1500
tracc001,Tracy,Chad,WAS,WAS,3B,1500
suzuk001,Suzuki,Kurt,WAS,WAS,C,1500
stras001,Strasburg,Stephen,WAS,WAS,P,1500
stord001,Storen,Drew,WAS,WAS,P,1500
stamc001,Stammen,Craig,WAS,WAS,P,1500
spand001,Span,Denard,WAS,WAS,OF,1500
sorir001,Soriano,Rafael,WAS,WAS,P,1500
solaj002,Solano,Jhonatan,WAS,WAS,C,1500
rodrh002,Rodriguez,Henry,WAS,WAS,P,1500
roart001,Roark,Tanner,WAS,WAS,P,1500
renda001,Rendon,Anthony,WAS,WAS,3B,1500
ramow001,Ramos,Wilson,WAS,WAS,C,1500
peree003,Perez,Eury,WAS,WAS,OF,1500
ohler001,Ohlendorf,Ross,WAS,WAS,P,1500
moort002,Moore,Tyler,WAS,WAS,1B,1500
mayay001,Maya,Yunesky,WAS,WAS,P,1500
mattr001,Mattheus,Ryan,WAS,WAS,P,1500
marrc001,Marrero,Chris,WAS,WAS,1B,1500
lombs002,Lombardozzi,Steve,WAS,WAS,2B,1500
leons001,Leon,Sandy,WAS,WAS,C,1500
laroa001,LaRoche,Adam,WAS,WAS,1B,1500
kroli001,Krol,Ian,WAS,WAS,P,1500
kobej001,Kobernus,Jeff,WAS,WAS,2B,1500
karnn001,Karns,Nathan,WAS,WAS,P,1500
jordt001,Jordan,Taylor,WAS,WAS,P,1500
harpb003,Harper,Bryce,WAS,WAS,OF,1500
hared001,Haren,Dan,WAS,WAS,P,1500
hairs001,Hairston,Scott,WAS,WAS,2B,1500
gonzg003,Gonzalez,Gio,WAS,WAS,P,1500
espid001,Espinosa,Danny,WAS,WAS,SS,1500
dukez001,Duke,Zach,WAS,WAS,P,1500
detwr001,Detwiler,Ross,WAS,WAS,P,1500
desmi001,Desmond,Ian,WAS,WAS,SS,1500
dejed001,DeJesus,David,WAS,WAS,CF,1500
davie002,Davis,Erik,WAS,WAS,P,1500
clipt001,Clippard,Tyler,WAS,WAS,P,1500
cedex001,Cedeno,Xavier,WAS,WAS,P,1500
browc003,Brown,Corey,WAS,WAS,OF,1500
bernr001,Bernadina,Roger,WAS,WAS,OF,1500
abadf001,Abad,Fernando,WAS,WAS,P,1500
webet001,Weber,Thad,TOR,TOR,P,1500
wangc001,Wang,Chien-Ming,TOR,TOR,P,1500
wagnn001,Wagner,Neil,TOR,TOR,P,1500
tholj001,Thole,Josh,TOR,TOR,C,1500
storm001,Storey,Mickey,TOR,TOR,P,1500
sierm001,Sierra,Moises,TOR,TOR,OF,1500
sants001,Santos,Sergio,TOR,TOR,P,1500
romer002,Romero,Ricky,TOR,TOR,P,1500
rogee002,Rogers,Esmil,TOR,TOR,P,1500
reyej001,Reyes,Jose,TOR,TOR,SS,1500
redmt002,Redmond,Todd,TOR,TOR,P,1500
rasmc001,Rasmus,Colby,TOR,TOR,OF,1500
pillk001,Pillar,Kevin,TOR,TOR,OF,1500
perel001,Perez,Luis,TOR,TOR,P,1500
perej001,Perez,Juan,TOR,TOR,P,1500
ortir002,Ortiz,Ramon,TOR,TOR,P,1500
olivd001,Oliver,Darren,TOR,TOR,P,1500
nolis001,Nolin,Sean,TOR,TOR,P,1500
nickm001,Nickeas,Mike,TOR,TOR,C,1500
morrb001,Morrow,Brandon,TOR,TOR,P,1500
mcgod001,McGowan,Dustin,TOR,TOR,P,1500
loupa001,Loup,Aaron,TOR,TOR,P,1500
linda001,Lind,Adam,TOR,TOR,OF,1500
lincb001,Lincoln,Brad,TOR,TOR,P,1500
lawrb002,Lawrie,Brett,TOR,TOR,3B,1500
laroa002,LaRoche,Andy,TOR,TOR,3B,1500
langr002,Langerhans,Ryan,TOR,TOR,OF,1500
laffa001,Laffey,Aaron,TOR,TOR,P,1500
kawam001,Kawasaki,Munenori,TOR,TOR,SS,1500
johnj009,Johnson,Josh,TOR,TOR,P,1500
jenkc001,Jenkins,Chad,TOR,TOR,P,1500
jeffj001,Jeffress,Jeremy,TOR,TOR,P,1500
jansc001,Janssen,Casey,TOR,TOR,P,1500
iztum001,Izturis,Maicer,TOR,TOR,SS,1500
happj001,Happ,J.A.,TOR,TOR,P,1500
gosea001,Gose,Anthony,TOR,TOR,OF,1500
gonze001,Gonzalez,Edgar,TOR,TOR,P,1500
goinr001,Goins,Ryan,TOR,TOR,SS,1500
germj001,Germano,Justin,TOR,TOR,P,1500
encae001,Encarnacion,Edwin,TOR,TOR,3B,1500
drabk001,Drabek,Kyle,TOR,TOR,P,1500
dickr001,Dickey,R.A.,TOR,TOR,P,1500
derom001,DeRosa,Mark,TOR,TOR,SS,1500
delas001,Delabar,Steve,TOR,TOR,P,1500
davir003,Davis,Rajai,TOR,TOR,OF,1500
cecib001,Cecil,Brett,TOR,TOR,P,1500
cabrm002,Cabrera,Melky,TOR,TOR,OF,1500
bushd001,Bush,Dave,TOR,TOR,P,1500
buehm001,Buehrle,Mark,TOR,TOR,P,1500
bonie001,Bonifacio,Emilio,TOR,TOR,2B,1500
blanh001,Blanco,Henry,TOR,TOR,C,1500
bautj002,Bautista,Jose,TOR,TOR,3B,1500
arenj001,Arencibia,J.P.,TOR,TOR,P,1500
wolfr002,Wolf,Ross,TEX,OAK,P,1500
tepen001,Tepesch,Nick,TEX,TEX,P,1500
sotog001,Soto,Geovany,TEX,TEX,C,1500
sorij001,Soria,Joakim,TEX,TEX,P,1500
schet001,Scheppers,Tanner,TEX,TEX,P,1500
rossr002,Ross,Robbie,TEX,TEX,P,1500
rosaa001,Rosales,Adam,TEX,TEX,1B,1500
riosa002,Rios,Alex,TEX,TEX,OF,1500
profj001,Profar,Jurickson,TEX,TEX,SS,1500
piera001,Pierzynski,A.J.,TEX,TEX,C,1500
perem004,Perez,Martin,TEX,TEX,P,1500
ortij004,Ortiz,Joe,TEX,TEX,P,1500
ogana001,Ogando,Alexi,TEX,TEX,P,1500
nathj001,Nathan,Joe,TEX,TEX,P,1500
murpd005,Murphy,David,TEX,TEX,OF,1500
morem001,Moreland,Mitch,TEX,TEX,OF,1500
mcguc001,McGuiness,Chris,TEX,TEX,1B,1500
mcclk001,McClellan,Kyle,TEX,TEX,P,1500
martl004,Martin,Leonys,TEX,TEX,OF,1500
lowed001,Lowe,Derek,TEX,TEX,P,1500
lindj004,Lindblom,Josh,TEX,TEX,P,1500
kirkm001,Kirkman,Michael,TEX,TEX,P,1500
kinsi001,Kinsler,Ian,TEX,TEX,SS,1500
holld003,Holland,Derek,TEX,TEX,P,1500
harrm001,Harrison,Matt,TEX,TEX,P,1500
grimj002,Grimm,Justin,TEX,TEX,P,1500
gentc001,Gentry,Craig,TEX,TEX,OF,1500
garzm001,Garza,Matt,TEX,TEX,P,1500
garcl004,Garcia,Leury,TEX,TEX,SS,1500
frasj002,Frasor,Jason,TEX,TEX,P,1500
fontw001,Font,Wilmer,TEX,TEX,P,1500
felin001,Feliz,Neftali,TEX,TEX,P,1500
darvy001,Darvish,Yu,TEX,TEX,P,1500
cruzn002,Cruz,Nelson,TEX,TEX,OF,1500
cottn001,Cotts,Neal,TEX,TEX,P,1500
chirr001,Chirinos,Robinson,TEX,TEX,C,1500
butlj002,Butler,Joey,TEX,TEX,OF,1500
burnc001,Burns,Cory,TEX,TEX,P,1500
borbj001,Borbon,Julio,TEX,TEX,OF,1500
blact001,Blackley,Travis,TEX,TEX,P,1500
berkl001,Berkman,Lance,TEX,TEX,OF,1500
belte002,Beltre,Engel,TEX,TEX,OF,1500
belta001,Beltre,Adrian,TEX,TEX,3B,1500
bakej001,Baker,Jeff,TEX,TEX,2B,1500
andre001,Andrus,Elvis,TEX,TEX,SS,1500
adduj002,Adduci,Jim,TEX,TEX,OF,1500
zobrb001,Zobrist,Ben,TBA,TBA,OF,1500
yound003,Young,Delmon,TBA,TBA,OF,1500
wrigw001,Wright,Wesley,TBA,TBA,P,1500
wrigj001,Wright,Jamey,TBA,TBA,P,1500
torra002,Torres,Alexander,TBA,TBA,P,1500
scotl001,Scott,Luke,TBA,TBA,OF,1500
romee002,Romero,Enny,TBA,TBA,P,1500
rodrs002,Rodriguez,Sean,TBA,TBA,2B,1500
rodnf001,Rodney,Fernando,TBA,TBA,P,1500
rober002,Roberts,Ryan,TBA,TBA,2B,1500
ramoc001,Ramos,Cesar,TBA,TBA,P,1500
pricd001,Price,David,TBA,TBA,P,1500
peraj002,Peralta,Joel,TBA,TBA,P,1500
odorj001,Odorizzi,Jake,TBA,TBA,P,1500
myerw001,Myers,Wil,TBA,TBA,OF,1500
moorm003,Moore,Matt,TBA,TBA,P,1500
molij001,Molina,Jose,TBA,TBA,C,1500
mcgej001,McGee,Jake,TBA,TBA,P,1500
luekj001,Lueke,Josh,TBA,TBA,P,1500
longe001,Longoria,Evan,TBA,TBA,3B,1500
lonej001,Loney,James,TBA,TBA,1B,1500
lobaj001,Lobaton,Jose,TBA,TBA,C,1500
kierk001,Kiermaier,Kevin,TBA,TBA,OF,1500
joycm001,Joyce,Matthew,TBA,TBA,OF,1500
johnk003,Johnson,Kelly,TBA,TBA,OF,1500
jennd002,Jennings,Desmond,TBA,TBA,OF,1500
carmf001,Hernandez,Roberto,TBA,TBA,P,1500
hellj001,Hellickson,Jeremy,TBA,TBA,P,1500
guzmf001,Guzman,Freddy,TBA,TBA,OF,1500
gomeb001,Gomes,Brandon,TBA,TBA,P,1500
gimec001,Gimenez,Chris,TBA,TBA,C,1500
fulds001,Fuld,Sam,TBA,TBA,OF,1500
farnk001,Farnsworth,Kyle,TBA,TBA,P,1500
escoy001,Escobar,Yunel,TBA,TBA,SS,1500
duncs001,Duncan,Shelley,TBA,TBA,OF,1500
dejed001,DeJesus,David,TBA,TBA,CF,1500
coloa001,Colome,Alex,TBA,TBA,P,1500
cobba001,Cobb,Alex,TBA,TBA,P,1500
bourj001,Bourgeois,Jason,TBA,TBA,2B,1500
belij001,Beliveau,Jeff,TBA,TBA,P,1500
beckt001,Beckham,Tim,TBA,TBA,SS,1500
archc001,Archer,Chris,TBA,TBA,P,1500
wongk001,Wong,Kolten,SLN,SLN,2B,1500
wiggt001,Wigginton,Ty,SLN,SLN,3B,1500
westj001,Westbrook,Jake,SLN,SLN,P,1500
waina001,Wainwright,Adam,SLN,SLN,P,1500
wachm001,Wacha,Michael,SLN,SLN,P,1500
siegk001,Siegrist,Kevin,SLN,SLN,P,1500
salaf001,Salas,Fernando,SLN,SLN,P,1500
rzepm001,Rzepczynski,Marc,SLN,SLN,P,1500
roset001,Rosenthal,Trevor,SLN,SLN,P,1500
robis001,Robinson,Shane,SLN,SLN,OF,1500
peteb002,Peterson,Brock,SLN,SLN,1B,1500
perea002,Perez,Audry,SLN,SLN,C,1500
mujie001,Mujica,Edward,SLN,SLN,P,1500
moliy001,Molina,Yadier,SLN,SLN,C,1500
mills001,Miller,Shelby,SLN,SLN,P,1500
martc006,Martinez,Carlos,SLN,SLN,P,1500
martv002,Marte,Victor,SLN,SLN,P,1500
manes001,Maness,Seth,SLN,SLN,P,1500
lyont001,Lyons,Tyler,SLN,SLN,P,1500
lynnl001,Lynn,Lance,SLN,SLN,P,1500
kozmp001,Kozma,Peter,SLN,SLN,SS,1500
kellj001,Kelly,Joe,SLN,SLN,P,1500
johnr009,Johnson,Rob,SLN,SLN,C,1500
jay-j001,Jay,Jon,SLN,SLN,OF,1500
jackr005,Jackson,Ryan,SLN,SLN,SS,1500
hollm001,Holliday,Matt,SLN,SLN,OF,1500
gastj001,Gast,John,SLN,SLN,P,1500
garcj004,Garcia,Jaime,SLN,SLN,P,1500
freed001,Freese,David,SLN,SLN,3B,1500
frees001,Freeman,Sam,SLN,SLN,P,1500
descd001,Descalso,Daniel,SLN,SLN,2B,1500
curtj002,Curtis,Jermaine,SLN,SLN,3B,1500
cruzt002,Cruz,Tony,SLN,SLN,C,1500
craia001,Craig,Allen,SLN,SLN,OF,1500
cletm001,Cleto,Maikel,SLN,SLN,P,1500
choar001,Choate,Randy,SLN,SLN,P,1500
chama002,Chambers,Adron,SLN,SLN,OF,1500
carpm002,Carpenter,Matt,SLN,SLN,3B,1500
butlk001,Butler,Keith,SLN,SLN,P,1500
boggm001,Boggs,Mitchell,SLN,SLN,P,1500
blazm001,Blazek,Michael,SLN,SLN,P,1500
beltc001,Beltran,Carlos,SLN,SLN,CF,1500
axfoj001,Axford,John,SLN,SLN,P,1500
adamm002,Adams,Matt,SLN,SLN,1B,1500
zitob001,Zito,Barry,SFN,SFN,P,1500
voger001,Vogelsong,Ryan,SFN,SFN,P,1500
torra001,Torres,Andres,SFN,SFN,OF,1500
tanak001,Tanaka,Kensuke,SFN,SFN,2B,1500
surke001,Surkamp,Eric,SFN,SFN,P,1500
scutm001,Scutaro,Marco,SFN,SFN,SS,1500
sandp001,Sandoval,Pablo,SFN,SFN,C,1500
sanch002,Sanchez,Hector,SFN,SFN,C,1500
rosas001,Rosario,Sandy,SFN,SFN,P,1500
romos001,Romo,Sergio,SFN,SFN,P,1500
ramir003,Ramirez,"Ramon S.",SFN,SFN,P,1500
quirg001,Quiroz,Guillermo,SFN,SFN,C,1500
poseb001,Posey,Buster,SFN,SFN,C,1500
pillb001,Pill,Brett,SFN,SFN,1B,1500
petiy001,Petit,Yusmeiro,SFN,SFN,P,1500
perej002,Perez,Juan,SFN,SFN,OF,1500
pench001,Pence,Hunter,SFN,SFN,OF,1500
peguf001,Peguero,Francisco,SFN,SFN,OF,1500
pagaa001,Pagan,Angel,SFN,SFN,CF,1500
noonn001,Noonan,Nick,SFN,SFN,SS,1500
monej001,Monell,Johnny,SFN,SFN,C,1500
moscg001,Moscoso,Guillermo,SFN,SFN,P,1500
mijaj001,Mijares,Jose,SFN,SFN,P,1500
machj002,Machi,Jean,SFN,SFN,P,1500
lopej002,Lopez,Javier,SFN,SFN,P,1500
linct001,Lincecum,Tim,SFN,SFN,P,1500
kontg001,Kontos,George,SFN,SFN,P,1500
kiesr001,Kieschnick,Roger,SFN,SFN,OF,1500
kickm001,Kickham,Mike,SFN,SFN,P,1500
hembh001,Hembree,Heath,SFN,SFN,P,1500
gillc002,Gillespie,Cole,SFN,SFN,OF,1500
gaudc001,Gaudin,Chad,SFN,SFN,P,1500
franj004,Francoeur,Jeff,SFN,SFN,OF,1500
crawb001,Crawford,Brandon,SFN,SFN,SS,1500
garcj002,Casilla,Santiago,SFN,SFN,P,1500
dunnj001,Dunning,Jake,SFN,SFN,P,1500
cainm001,Cain,Matt,SFN,SFN,P,1500
bumgm001,Bumgarner,Madison,SFN,SFN,P,1500
blang001,Blanco,Gregor,SFN,SFN,OF,1500
beltb001,Belt,Brandon,SFN,SFN,1B,1500
ariaj001,Arias,Joaquin,SFN,SFN,SS,1500
affej001,Affeldt,Jeremy,SFN,SFN,P,1500
adrie001,Adrianza,Ehire,SFN,SFN,SS,1500
abret001,Abreu,Tony,SFN,SFN,3B,1500
zunim001,Zunino,Mike,SEA,SEA,C,1500
wilht001,Wilhelmsen,Tom,SEA,SEA,P,1500
walkt004,Walker,Taijuan,SEA,SEA,P,1500
triuc001,Triunfel,Carlos,SEA,SEA,SS,1500
sucrj001,Sucre,Jesus,SEA,SEA,C,1500
smoaj001,Smoak,Justin,SEA,SEA,1B,1500
shopk001,Shoppach,Kelly,SEA,SEA,C,1500
seagk001,Seager,Kyle,SEA,SEA,2B,1500
saunm001,Saunders,Michael,SEA,SEA,OF,1500
saunj001,Saunders,Joe,SEA,SEA,P,1500
ryanb002,Ryan,Brendan,SEA,SEA,SS,1500
ruffc001,Ruffin,Chance,SEA,SEA,P,1500
ramie004,Ramirez,Erasmo,SEA,SEA,P,1500
quinh001,Quintero,Humberto,SEA,SEA,C,1500
pryos001,Pryor,Stephen,SEA,SEA,P,1500
pereo002,Perez,Oliver,SEA,SEA,P,1500
peguc001,Peguero,Carlos,SEA,SEA,OF,1500
paxtj001,Paxton,James,SEA,SEA,P,1500
noesh001,Noesi,Hector,SEA,SEA,P,1500
morsm001,Morse,Michael,SEA,SEA,OF,1500
morak001,Morales,Kendrys,SEA,SEA,1B,1500
montj003,Montero,Jesus,SEA,SEA,C,1500
millb002,Miller,Brad,SEA,SEA,SS,1500
mediy001,Medina,Yoervis,SEA,SEA,P,1500
maurb001,Maurer,Brandon,SEA,SEA,P,1500
luetl001,Luetge,Lucas,SEA,SEA,P,1500
loe-k001,Loe,Kameron,SEA,SEA,P,1500
lidda001,Liddi,Alex,SEA,SEA,3B,1500
lafrb001,LaFromboise,Bobby,SEA,SEA,P,1500
iwakh001,Iwakuma,Hisashi,SEA,SEA,P,1500
ibanr001,Ibanez,Raul,SEA,SEA,OF,1500
hernf002,Hernandez,Felix,SEA,SEA,P,1500
haraa001,Harang,Aaron,SEA,SEA,P,1500
gutif001,Gutierrez,Franklin,SEA,SEA,OF,1500
furbc001,Furbush,Charlie,SEA,SEA,P,1500
frann001,Franklin,Nick,SEA,SEA,2B,1500
farqd001,Farquhar,Danny,SEA,SEA,P,1500
chave002,Chavez,Endy,SEA,SEA,OF,1500
cappc001,Capps,Carter,SEA,SEA,P,1500
bondj001,Bonderman,Jeremy,SEA,SEA,P,1500
blanh001,Blanco,Henry,SEA,SEA,C,1500
beavb001,Beavan,Blake,SEA,SEA,P,1500
bay-j001,Bay,Jason,SEA,SEA,OF,1500
bantb001,Bantz,Brandon,SEA,SEA,C,1500
andir001,Andino,Robert,SEA,SEA,SS,1500
almoa001,Almonte,Abraham,SEA,SEA,OF,1500
ackld001,Ackley,Dustin,SEA,SEA,2B,1500
webet001,Weber,Thad,SDN,SDN,P,1500
volqe001,Volquez,Edinson,SDN,SDN,P,1500
vincn001,Vincent,Nick,SDN,SDN,P,1500
venaw001,Venable,Will,SDN,SDN,OF,1500
thayd001,Thayer,Dale,SDN,SDN,P,1500
thatj001,Thatcher,Joe,SDN,SDN,P,1500
stule002,Stults,Eric,SDN,SDN,P,1500
streh001,Street,Huston,SDN,SDN,P,1500
staut001,Stauffer,Tim,SDN,SDN,P,1500
smitb005,Smith,Burch,SDN,SDN,P,1500
rosst001,Ross,Tyson,SDN,SDN,P,1500
robic002,Robinson,Chris,SDN,SDN,C,1500
river003,Rivera,Rene,SDN,SDN,C,1500
richc002,Richard,Clayton,SDN,SDN,P,1500
ransc001,Ransom,Cody,SDN,SDN,3B,1500
quenc001,Quentin,Carlos,SDN,SDN,OF,1500
osuls001,O'Sullivan,Sean,SDN,SDN,P,1500
mikom001,Mikolas,Miles,SDN,SDN,P,1500
medit001,Medica,Tommy,SDN,SDN,1B,1500
maybc001,Maybin,Cameron,SDN,SDN,OF,1500
marqj001,Marquis,Jason,SDN,SDN,P,1500
laynt001,Layne,Tom,SDN,SDN,P,1500
kotsm001,Kotsay,Mark,SDN,SDN,OF,1500
kenni001,Kennedy,Ian,SDN,SDN,P,1500
hynec001,Hynes,Colt,SDN,SDN,P,1500
hundn001,Hundley,Nick,SDN,SDN,C,1500
headc001,Headley,Chase,SDN,SDN,3B,1500
gyorj001,Gyorko,Jedd,SDN,SDN,3B,1500
guzmj005,Guzman,Jesus,SDN,SDN,1B,1500
gregl001,Gregerson,Luke,SDN,SDN,P,1500
grany001,Grandal,Yasmani,SDN,SDN,C,1500
fuenr001,Fuentes,Reymond,SDN,SDN,OF,1500
forsl001,Forsythe,Logan,SDN,SDN,2B,1500
erlir001,Erlin,Robbie,SDN,SDN,P,1500
denoc001,Denorfia,Chris,SDN,SDN,OF,1500
deckj001,Decker,Jaff,SDN,SDN,OF,1500
cirip001,Ciriaco,Pedro,SDN,SDN,SS,1500
ceder002,Cedeno,Ronny,SDN,SDN,SS,1500
casha001,Cashner,Andrew,SDN,SDN,P,1500
cabre001,Cabrera,Everth,SDN,SDN,2B,1500
bracb001,Brach,Brad,SDN,SDN,P,1500
boxbb001,Boxberger,Brad,SDN,SDN,P,1500
blank002,Blanks,Kyle,SDN,SDN,1B,1500
bassa001,Bass,Anthony,SDN,SDN,P,1500
bakej002,Baker,John,SDN,SDN,C,1500
amara001,Amarista,Alexi,SDN,SDN,2B,1500
alony001,Alonso,Yonder,SDN,SDN,1B,1500
zagum001,Zagurski,Mike,PIT,PIT,P,1500
wilsj004,Wilson,Justin,PIT,PIT,P,1500
welkd001,Welker,Duke,PIT,PIT,P,1500
watst001,Watson,Tony,PIT,PIT,P,1500
walkn001,Walker,Neil,PIT,PIT,3B,1500
tabaj002,Tabata,Jose,PIT,PIT,OF,1500
snidt001,Snider,Travis,PIT,PIT,OF,1500
sanct001,Sanchez,Tony,PIT,PIT,C,1500
sancj002,Sanchez,Jonathan,PIT,PIT,P,1500
sancg001,Sanchez,Gaby,PIT,PIT,1B,1500
rodrw002,Rodriguez,Wandy,PIT,PIT,P,1500
reidr001,Reid,Ryan,PIT,PIT,P,1500
presa001,Presley,Alex,PIT,PIT,OF,1500
pimes001,Pimentel,Stolmy,PIT,PIT,P,1500
pie-f001,Pie,Felix,PIT,PIT,OF,1500
mortc002,Morton,Charlie,PIT,PIT,P,1500
morrb002,Morris,Bryan,PIT,PIT,P,1500
mornj001,Morneau,Justin,PIT,PIT,1B,1500
mercj002,Mercer,Jordy,PIT,PIT,2B,1500
melam001,Melancon,Mark,PIT,PIT,P,1500
mckem001,McKenry,Michael,PIT,PIT,C,1500
mcdoj003,McDonald,John,PIT,PIT,SS,1500
mcdoj004,McDonald,James,PIT,PIT,P,1500
mccua001,McCutchen,Andrew,PIT,PIT,OF,1500
mazzv001,Mazzaro,Vin,PIT,PIT,P,1500
marts002,Marte,Starling,PIT,PIT,OF,1500
martr004,Martin,Russell,PIT,PIT,C,1500
lockj001,Locke,Jeff,PIT,PIT,P,1500
lirif001,Liriano,Francisco,PIT,PIT,P,1500
leroc001,Leroux,Christopher,PIT,PIT,P,1500
lamba001,Lambo,Andrew,PIT,PIT,OF,1500
joneg002,Jones,Garrett,PIT,PIT,1B,1500
johnk004,Johnson,Kris,PIT,PIT,P,1500
irwip001,Irwin,Phil,PIT,PIT,P,1500
ingeb001,Inge,Brandon,PIT,PIT,3B,1500
hughj001,Hughes,Jared,PIT,PIT,P,1500
harrj002,Harrison,Josh,PIT,PIT,3B,1500
grilj001,Grilli,Jason,PIT,PIT,P,1500
gomej002,Gomez,Jeanmar,PIT,PIT,P,1500
farnk001,Farnsworth,Kyle,PIT,PIT,P,1500
cumpb001,Cumpton,Brandon,PIT,PIT,P,1500
contj002,Contreras,Jose,PIT,PIT,P,1500
coleg001,Cole,Gerrit,PIT,PIT,P,1500
byrdm001,Byrd,Marlon,PIT,PIT,OF,1500
burna001,Burnett,A.J.,PIT,PIT,P,1500
buckj001,Buck,John,PIT,PIT,C,1500
blacv001,Black,Vic,PIT,PIT,P,1500
barmc001,Barmes,Clint,PIT,PIT,SS,1500
alvap001,Alvarez,Pedro,PIT,PIT,3B,1500
younm003,Young,Michael,PHI,PHI,SS,1500
yound003,Young,Delmon,PHI,PHI,OF,1500
wellc001,Wells,Casper,PHI,PHI,OF,1500
valdr002,Valdes,Raul,PHI,PHI,P,1500
utlec001,Utley,Chase,PHI,PHI,2B,1500
susds001,Susdorf,Steve,PHI,PHI,OF,1500
stutm001,Stutes,Michael,PHI,PHI,P,1500
savej001,Savery,Joe,PHI,PHI,P,1500
ruppc001,Rupp,Cameron,PHI,PHI,C,1500
ruizc001,Ruiz,Carlos,PHI,PHI,C,1500
ruf-d001,Ruf,Darin,PHI,PHI,1B,1500
roseb003,Rosenberg,B.J.,PHI,PHI,P,1500
rollj001,Rollins,Jimmy,PHI,PHI,SS,1500
roblm001,Robles,Mauricio,PHI,PHI,P,1500
reveb001,Revere,Ben,PHI,PHI,OF,1500
ramij002,Ramirez,J.C.,PHI,PHI,P,1500
quinh001,Quintero,Humberto,PHI,PHI,C,1500
pettj001,Pettibone,Jonathan,PHI,PHI,P,1500
papej001,Papelbon,Jonathan,PHI,PHI,P,1500
orr-p001,Orr,Pete,PHI,PHI,SS,1500
nix-l001,Nix,Laynce,PHI,PHI,OF,1500
minez001,Miner,Zach,PHI,PHI,P,1500
mcdoj003,McDonald,John,PHI,PHI,SS,1500
maybj001,Mayberry,John,PHI,PHI,OF,1500
martm003,Martinez,Michael,PHI,PHI,2B,1500
marte002,Martin,Ethan,PHI,PHI,P,1500
lerus001,Lerud,Steven,PHI,PHI,C,1500
lee-c003,Lee,Cliff,PHI,PHI,P,1500
lannj001,Lannan,John,PHI,PHI,P,1500
krate001,Kratz,Erik,PHI,PHI,C,1500
kendk001,Kendrick,Kyle,PHI,PHI,P,1500
jimec002,Jimenez,Cesar,PHI,PHI,P,1500
howar001,Howard,Ryan,PHI,PHI,1B,1500
horsj001,Horst,Jeremy,PHI,PHI,P,1500
hernc005,Hernandez,Cesar,PHI,PHI,2B,1500
hamec001,Hamels,Cole,PHI,PHI,P,1500
hallr001,Halladay,Roy,PHI,PHI,P,1500
garcl005,Garcia,Luis,PHI,PHI,P,1500
galvf001,Galvis,Freddy,PHI,PHI,SS,1500
frank001,Frandsen,Kevin,PHI,PHI,2B,1500
durbc001,Durbin,Chad,PHI,PHI,P,1500
diekj001,Diekman,Jake,PHI,PHI,P,1500
defrj001,"De Fratus",Justin,PHI,PHI,P,1500
cloyt001,Cloyd,Tyler,PHI,PHI,P,1500
carre001,Carrera,Ezequiel,PHI,PHI,OF,1500
browd004,Brown,Domonic,PHI,PHI,OF,1500
bernr001,Bernadina,Roger,PHI,PHI,OF,1500
basta001,Bastardo,Antonio,PHI,PHI,P,1500
aumop001,Aumont,Phillippe,PHI,PHI,P,1500
aschc001,Asche,Cody,PHI,PHI,3B,1500
adamm001,Adams,Mike,PHI,PHI,P,1500
younc004,Young,Chris,OAK,OAK,OF,1500
wellc001,Wells,Casper,OAK,OAK,OF,1500
weekj001,Weeks,Jemile,OAK,OAK,2B,1500
vogts001,Vogt,Stephen,OAK,OAK,C,1500
taylm001,Taylor,Michael,OAK,OAK,OF,1500
suzuk001,Suzuki,Kurt,OAK,OAK,C,1500
strad003,Straily,Dan,OAK,OAK,P,1500
sogae001,Sogard,Eric,OAK,OAK,2B,1500
smits002,Smith,Seth,OAK,OAK,OF,1500
sizes001,Sizemore,Scott,OAK,OAK,2B,1500
scrie001,Scribner,Evan,OAK,OAK,P,1500
rosaa001,Rosales,Adam,OAK,OAK,1B,1500
resoc001,Resop,Chris,OAK,OAK,P,1500
reddj001,Reddick,Josh,OAK,OAK,OF,1500
petes002,Peterson,Shane,OAK,OAK,OF,1500
parra001,Parrino,Andy,OAK,OAK,2B,1500
parkj001,Parker,Jarrod,OAK,OAK,P,1500
oterd001,Otero,Dan,OAK,OAK,P,1500
okajh001,Okajima,Hideki,OAK,OAK,P,1500
norrd001,Norris,Derek,OAK,OAK,C,1500
neshp001,Neshek,Pat,OAK,OAK,P,1500
mossb001,Moss,Brandon,OAK,OAK,OF,1500
montl002,Montz,Luke,OAK,OAK,C,1500
milot001,Milone,Tom,OAK,OAK,P,1500
lowrj001,Lowrie,Jed,OAK,OAK,SS,1500
jasoj001,Jaso,John,OAK,OAK,C,1500
grifa002,Griffin,A.J.,OAK,OAK,P,1500
greeg002,Green,Grant,OAK,OAK,2B,1500
frein001,Freiman,Nate,OAK,OAK,1B,1500
figup001,Figueroa,Pedro,OAK,OAK,P,1500
dools001,Doolittle,Sean,OAK,OAK,P,1500
donaj001,Donaldson,Josh,OAK,OAK,C,1500
grays001,Gray,Sonny,OAK,OAK,P,1500
crisc001,Crisp,Coco,OAK,OAK,OF,1500
cookr001,Cook,Ryan,OAK,OAK,P,1500
colob001,Colon,Bartolo,OAK,OAK,P,1500
choim001,Choice,Michael,OAK,OAK,OF,1500
chavj001,Chavez,Jesse,OAK,OAK,P,1500
cespy001,Cespedes,Yoenis,OAK,OAK,OF,1500
calla001,Callaspo,Alberto,OAK,OAK,2B,1500
blevj001,Blevins,Jerry,OAK,OAK,P,1500
bartd001,Barton,Daric,OAK,OAK,1B,1500
balfg001,Balfour,Grant,OAK,OAK,P,1500
andeb004,Anderson,Brett,OAK,OAK,P,1500
youne003,Young,Eric,NYN,NYN,OF,1500
wrigd002,Wright,David,NYN,NYN,3B,1500
wheez001,Wheeler,Zack,NYN,NYN,P,1500
valdj002,Valdespin,Jordany,NYN,NYN,2B,1500
turnj001,Turner,Justin,NYN,NYN,2B,1500
tovaw001,Tovar,Wilfredo,NYN,NYN,SS,1500
torrc001,Torres,Carlos,NYN,NYN,P,1500
tejar001,Tejada,Ruben,NYN,NYN,SS,1500
satij001,Satin,Josh,NYN,NYN,OF,1500
rices001,Rice,Scott,NYN,NYN,P,1500
recka001,Recker,Anthony,NYN,NYN,C,1500
quino001,Quintanilla,Omar,NYN,NYN,SS,1500
parnb001,Parnell,Bobby,NYN,NYN,P,1500
nieuk001,Nieuwenhuis,Kirk,NYN,NYN,OF,1500
niesj001,Niese,Jon,NYN,NYN,P,1500
murpd006,Murphy,Daniel,NYN,NYN,3B,1500
mejij001,Mejia,Jenrry,NYN,NYN,P,1500
mchuc001,McHugh,Collin,NYN,NYN,P,1500
matsd001,Matsuzaka,Daisuke,NYN,NYN,P,1500
marcs001,Marcum,Shaun,NYN,NYN,P,1500
lyonb003,Lyon,Brandon,NYN,NYN,P,1500
lutzz001,Lutz,Zach,NYN,NYN,3B,1500
lagaj001,Lagares,Juan,NYN,NYN,OF,1500
laffa001,Laffey,Aaron,NYN,NYN,P,1500
hefnj001,Hefner,Jeremy,NYN,NYN,P,1500
henns001,Henn,Sean,NYN,NYN,P,1500
hawkl001,Hawkins,LaTroy,NYN,NYN,P,1500
harvm001,Harvey,Matt,NYN,NYN,P,1500
haraa001,Harang,Aaron,NYN,NYN,P,1500
germg001,Germen,Gonzalez,NYN,NYN,P,1500
gee-d001,Gee,Dillon,NYN,NYN,P,1500
franf001,Francisco,Frank,NYN,NYN,P,1500
florw001,Flores,Wilmer,NYN,NYN,3B,1500
felip002,Feliciano,Pedro,NYN,NYN,P,1500
famij001,Familia,Jeurys,NYN,NYN,P,1500
edgij001,Edgin,Josh,NYN,NYN,P,1500
dudal001,Duda,Lucas,NYN,NYN,OF,1500
dendm001,"den Dekker",Matt,NYN,NYN,OF,1500
davii001,Davis,Ike,NYN,NYN,1B,1500
darnt001,d'Arnaud,Travis,NYN,NYN,C,1500
cowgc001,Cowgill,Collin,NYN,NYN,OF,1500
centj001,Centeno,Juan,NYN,NYN,C,1500
carsr001,Carson,Robert,NYN,NYN,P,1500
byrdt001,Byrdak,Tim,NYN,NYN,P,1500
byrdm001,Byrd,Marlon,NYN,NYN,OF,1500
burkg001,Burke,Greg,NYN,NYN,P,1500
buckj001,Buck,John,NYN,NYN,C,1500
browa003,Brown,Andrew,NYN,NYN,OF,1500
blacv001,Black,Vic,NYN,NYN,P,1500
baxtm001,Baxter,Mike,NYN,NYN,OF,1500
atchs001,Atchison,Scott,NYN,NYN,P,1500
ankir001,Ankiel,Rick,NYN,NYN,OF,1500
aardd001,Aardsma,David,NYN,NYN,P,1500
zagum001,Zagurski,Mike,NYA,NYA,P,1500
youkk001,Youkilis,Kevin,NYA,NYA,3B,1500
wellv001,Wells,Vernon,NYA,NYA,OF,1500
warra001,Warren,Adam,NYA,NYA,P,1500
teixm001,Teixeira,Mark,NYA,NYA,1B,1500
suzui001,Suzuki,Ichiro,NYA,NYA,OF,1500
stewc001,Stewart,Chris,NYA,NYA,C,1500
soria001,Soriano,Alfonso,NYA,NYA,OF,1500
sabac001,Sabathia,C.C.,NYA,NYA,P,1500
ryanb002,Ryan,Brendan,NYA,NYA,SS,1500
romia002,Romine,Austin,NYA,NYA,C,1500
rodra001,Rodriguez,Alex,NYA,NYA,3B,1500
robed002,Robertson,David,NYA,NYA,P,1500
rivem002,Rivera,Mariano,NYA,NYA,P,1500
reynm001,Reynolds,Mark,NYA,NYA,3B,1500
pheld001,Phelps,David,NYA,NYA,P,1500
petta001,Pettitte,Andy,NYA,NYA,P,1500
overl001,Overbay,Lyle,NYA,NYA,1B,1500
nunov001,Nuno,Vidal,NYA,NYA,P,1500
nunee002,Nunez,Eduardo,NYA,NYA,SS,1500
novai001,Nova,Ivan,NYA,NYA,P,1500
nix-j001,Nix,Jayson,NYA,NYA,2B,1500
nelsc001,Nelson,Chris,NYA,NYA,SS,1500
nealt001,Neal,Thomas,NYA,NYA,OF,1500
murpj001,Murphy,JR,NYA,NYA,C,1500
millj005,Miller,Jim,NYA,NYA,P,1500
mesam001,Mesa,Melky,NYA,NYA,P,1500
marsb001,Marshall,Brett,NYA,NYA,P,1500
logab001,Logan,Boone,NYA,NYA,P,1500
lillb001,Lillibridge,Brent,NYA,NYA,SS,1500
kuroh001,Kuroda,Hiroki,NYA,NYA,P,1500
kells001,Kelley,Shawn,NYA,NYA,P,1500
josec001,Joseph,Corban,NYA,NYA,2B,1500
jeted001,Jeter,Derek,NYA,NYA,SS,1500
ishit001,Ishikawa,Travis,NYA,NYA,1B,1500
hughp001,Hughes,Phil,NYA,NYA,P,1500
huffd001,Huff,David,NYA,NYA,P,1500
hafnt001,Hafner,Travis,NYA,NYA,1B,1500
granc001,Granderson,Curtis,NYA,NYA,RF,1500
gonza005,Gonzalez,Alberto,NYA,NYA,SS,1500
gardb001,Gardner,Brett,NYA,NYA,OF,1500
franb001,Francisco,Ben,NYA,NYA,OF,1500
epplc001,Eppley,Cody,NYA,NYA,P,1500
dalem002,Daley,Matt,NYA,NYA,P,1500
cruzl001,Cruz,Luis,NYA,NYA,2B,1500
claip001,Claiborne,Preston,NYA,NYA,P,1500
chamj002,Chamberlain,Joba,NYA,NYA,P,1500
cervf001,Cervelli,Francisco,NYA,NYA,C,1500
canor001,Cano,Robinson,NYA,NYA,2B,1500
cabrc001,Cabral,Cesar,NYA,NYA,P,1500
brigr001,Brignac,Reid,NYA,NYA,SS,1500
bootc001,Bootcheck,Chris,NYA,NYA,P,1500
boesb001,Boesch,Brennan,NYA,NYA,OF,1500
betad001,Betances,Dellin,NYA,NYA,P,1500
almoz001,Almonte,Zoilo,NYA,NYA,OF,1500
adamd001,Adams,David,NYA,NYA,2B,1500
worlv001,Worley,Vance,MIN,MIN,P,1500
waltp001,Walters,P.J.,MIN,MIN,P,1500
willj004,Willingham,Josh,MIN,MIN,OF,1500
tonkm001,Tonkin,Michael,MIN,MIN,P,1500
thomc002,Thomas,Clete,MIN,MIN,OF,1500
thiec001,Thielbar,Caleb,MIN,MIN,P,1500
swara001,Swarzak,Anthony,MIN,MIN,P,1500
roenj001,Roenicke,Josh,MIN,MIN,P,1500
robet001,Robertson,Tyler,MIN,MIN,P,1500
ramiw001,Ramirez,Wilkin,MIN,MIN,OF,1500
presr001,Pressly,Ryan,MIN,MIN,P,1500
presa001,Presley,Alex,MIN,MIN,OF,1500
plout001,Plouffe,Trevor,MIN,MIN,SS,1500
pintj001,Pinto,Josmil,MIN,MIN,C,1500
perkg001,Perkins,Glen,MIN,MIN,P,1500
pelfm001,Pelfrey,Mike,MIN,MIN,P,1500
parmc001,Parmelee,Chris,MIN,MIN,1B,1500
mornj001,Morneau,Justin,MIN,MIN,1B,1500
mauej001,Mauer,Joe,MIN,MIN,C,1500
mastd002,Mastroianni,Darin,MIN,MIN,OF,1500
marts001,Martis,Shairon,MIN,MIN,P,1500
hicka001,Hicks,Aaron,MIN,MIN,OF,1500
herrc001,Herrmann,Chris,MIN,MIN,C,1500
hernp001,Hernandez,Pedro,MIN,MIN,P,1500
hendl001,Hendriks,Liam,MIN,MIN,P,1500
gibsk002,Gibson,Kyle,MIN,MIN,P,1500
fryee001,Fryer,Eric,MIN,MIN,C,1500
florp001,Florimon,Pedro,MIN,MIN,SS,1500
fienc001,Fien,Casey,MIN,MIN,P,1500
escoe001,Escobar,Eduardo,MIN,MIN,SS,1500
duenb001,Duensing,Brian,MIN,MIN,P,1500
dozib001,Dozier,Brian,MIN,MIN,SS,1500
doumr001,Doumit,Ryan,MIN,MIN,C,1500
diams001,Diamond,Scott,MIN,MIN,P,1500
devrc001,"De Vries",Cole,MIN,MIN,P,1500
dedus001,Deduno,Samuel,MIN,MIN,P,1500
corrk001,Correia,Kevin,MIN,MIN,P,1500
colac001,Colabello,Chris,MIN,MIN,3B,1500
carrj001,Carroll,Jamey,MIN,MIN,SS,1500
buted001,Butera,Drew,MIN,MIN,C,1500
burtj001,Burton,Jared,MIN,MIN,P,1500
bernd001,Bernier,Doug,MIN,MIN,3B,1500
arcio001,Arcia,Oswaldo,MIN,MIN,OF,1500
albea001,Albers,Andrew,MIN,MIN,P,1500
wootr001,Wooten,Rob,MIL,MIL,P,1500
weekr001,Weeks,Rickie,MIL,MIL,2B,1500
thort001,Thornburg,Tyler,MIL,MIL,P,1500
seguj002,Segura,Jean,MIL,MIL,SS,1500
schal001,Schafer,Logan,MIL,MIL,OF,1500
rodrf003,Rodriguez,Francisco,MIL,MIL,P,1500
ramia001,Ramirez,Aramis,MIL,MIL,3B,1500
prinj001,Prince,Josh,MIL,MIL,OF,1500
peraw001,Peralta,Wily,MIL,MIL,P,1500
nelsj004,Nelson,Jimmy,MIL,MIL,P,1500
narvc001,Narveson,Chris,MIL,MIL,P,1500
maldm001,Maldonado,Martin,MIL,MIL,C,1500
lucrj001,Lucroy,Jonathan,MIL,MIL,C,1500
lohsk001,Lohse,Kyle,MIL,MIL,P,1500
lallb001,Lalli,Blake,MIL,MIL,C,1500
kintb001,Kintzler,Brandon,MIL,MIL,P,1500
hendj001,Henderson,Jim,MIL,MIL,P,1500
hellj002,Hellweg,Johnny,MIL,MIL,P,1500
handd001,Hand,Donovan,MIL,MIL,P,1500
halts002,Halton,Sean,MIL,MIL,1B,1500
gorzt001,Gorzelanny,Tom,MIL,MIL,P,1500
gonzm001,Gonzalez,Michael,MIL,MIL,P,1500
gonza002,Gonzalez,Alex,MIL,MIL,SS,1500
gomec002,Gomez,Carlos,MIL,MIL,OF,1500
gindc001,Gindl,Caleb,MIL,MIL,OF,1500
genns001,Gennett,Scooter,MIL,MIL,2B,1500
gally001,Gallardo,Yovani,MIL,MIL,P,1500
franj005,Francisco,Juan,MIL,MIL,3B,1500
figaa001,Figaro,Alfredo,MIL,MIL,P,1500
fierm001,Fiers,Michael,MIL,MIL,P,1500
estrm001,Estrada,Marco,MIL,MIL,P,1500
davik003,Davis,Khris,MIL,MIL,OF,1500
burgh001,Burgos,Hiram,MIL,MIL,P,1500
braur002,Braun,Ryan,MIL,MIL,OF,1500
blazm001,Blazek,Michael,MIL,MIL,P,1500
bianj001,Bianchi,Jeff,MIL,MIL,SS,1500
betay001,Betancourt,Yuniesky,MIL,MIL,SS,1500
badeb001,Badenhop,Burke,MIL,MIL,P,1500
axfoj001,Axford,John,MIL,MIL,P,1500
aokin001,Aoki,Norichika,MIL,MIL,OF,1500
yelic001,Yelich,Christian,MIA,MIA,OF,1500
webbr001,Webb,Ryan,MIA,MIA,P,1500
velag002,Velazquez,Gil,MIA,MIA,SS,1500
valac001,Valaika,Chris,MIA,MIA,SS,1500
turnj002,Turner,Jacob,MIA,MIA,P,1500
stanm004,Stanton,Giancarlo,MIA,MIA,OF,1500
solad001,Solano,Donovan,MIA,MIA,2B,1500
slowk001,Slowey,Kevin,MIA,MIA,P,1500
skipk001,Skipworth,Kyle,MIA,MIA,C,1500
sanaa001,Sanabia,Alejandro,MIA,MIA,P,1500
ruggj001,Ruggiano,Justin,MIA,MIA,OF,1500
raucj001,Rauch,Jon,MIA,MIA,P,1500
ramoa001,Ramos,A.J.,MIA,MIA,P,1500
qualc001,Qualls,Chad,MIA,MIA,P,1500
polap001,Polanco,Placido,MIA,MIA,SS,1500
pierj002,Pierre,Juan,MIA,MIA,OF,1500
philz001,Phillips,Zach,MIA,MIA,P,1500
olivm001,Olivo,Miguel,MIA,MIA,C,1500
ozunm001,Ozuna,Marcell,MIA,MIA,OF,1500
olmoe001,Olmos,Edgar,MIA,MIA,P,1500
nolar001,Nolasco,Ricky,MIA,MIA,P,1500
morrl001,Morrison,Logan,MIA,MIA,OF,1500
mathj001,Mathis,Jeff,MIA,MIA,C,1500
marij002,Marisnick,Jake,MIA,MIA,OF,1500
mainj001,Maine,John,MIA,MIA,P,1500
mahoj001,Mahoney,Joe,MIA,MIA,1B,1500
lucae001,Lucas,Ed,MIA,MIA,3B,1500
leblw001,LeBlanc,Wade,MIA,MIA,P,1500
kotcc001,Kotchman,Casey,MIA,MIA,1B,1500
koeht001,Koehler,Tom,MIA,MIA,P,1500
keara001,Kearns,Austin,MIA,MIA,OF,1500
jennd003,Jennings,Dan,MIA,MIA,P,1500
hillk002,Hill,Koyie,MIA,MIA,C,1500
hecha001,Hechavarria,Adeiny,MIA,MIA,3B,1500
hatcc002,Hatcher,Chris,MIA,MIA,P,1500
handb001,Hand,Brad,MIA,MIA,P,1500
green001,Green,Nick,MIA,MIA,2B,1500
flynb001,Flynn,Brian,MIA,MIA,P,1500
fernj003,Fernandez,Jose,MIA,MIA,P,1500
eovan001,Eovaldi,Nathan,MIA,MIA,P,1500
dysos001,Dyson,Sam,MIA,MIA,P,1500
dunnm002,Dunn,Michael,MIA,MIA,P,1500
dobbg001,Dobbs,Greg,MIA,MIA,3B,1500
dietd001,Dietrich,Derek,MIA,MIA,2B,1500
diazm003,Diaz,Matt,MIA,MIA,OF,1500
coghc001,Coghlan,Chris,MIA,MIA,OF,1500
cishs001,Cishek,Steve,MIA,MIA,P,1500
camia001,Caminero,Arquimedes,MIA,MIA,P,1500
browj006,Brown,Jordan,MIA,MIA,OF,1500
branr002,Brantly,Rob,MIA,MIA,C,1500
belod001,Below,Duane,MIA,MIA,P,1500
amess001,Ames,Steve,MIA,MIA,P,1500
alvah001,Alvarez,Henderson,MIA,MIA,P,1500
younm003,Young,Michael,LAN,LAN,3B,1500
withc001,Withrow,Chris,LAN,LAN,P,1500
wilsb001,Wilson,Brian,LAN,LAN,P,1500
wallj002,Wall,Josh,LAN,LAN,P,1500
volqe001,Volquez,Edinson,LAN,LAN,P,1500
vanss001,"Van Slyke",Scott,LAN,LAN,OF,1500
uribj002,Uribe,Juan,LAN,LAN,SS,1500
tolls002,Tolleson,Shawn,LAN,LAN,P,1500
sellj002,Sellers,Justin,LAN,LAN,SS,1500
schus001,Schumaker,Skip,LAN,SLN,2B,1500
ryu-h001,Ryu,Hyun-Jin,LAN,LAN,P,1500
rodrp001,Rodriguez,Paco,LAN,LAN,P,1500
ramih003,Ramirez,Hanley,LAN,LAN,SS,1500
puntn001,Punto,Nick,LAN,LAN,2B,1500
puigy001,Puig,Yasiel,LAN,LAN,OF,1500
nolar001,Nolasco,Ricky,LAN,LAN,P,1500
moylp001,Moylan,Peter,LAN,LAN,P,1500
marmc001,Marmol,Carlos,LAN,LAN,P,1500
magim001,Magill,Matt,LAN,LAN,P,1500
lillt001,Lilly,Ted,LAN,LAN,P,1500
leagb001,League,Brandon,LAN,LAN,P,1500
kersc001,Kershaw,Clayton,LAN,LAN,P,1500
kempm001,Kemp,Matt,LAN,LAN,OF,1500
jansk001,Jansen,Kenley,LAN,LAN,P,1500
howej003,Howell,J.P.,LAN,LAN,P,1500
herre001,Herrera,Elian,LAN,LAN,2B,1500
hernr002,Hernandez,Ramon,LAN,LAN,C,1500
hairj002,Hairston,Jerry,LAN,LAN,2B,1500
guerm001,Guerrier,Matt,LAN,LAN,P,1500
guerj002,Guerra,Javy,LAN,LAN,P,1500
greiz001,Greinke,Zack,LAN,LAN,P,1500
gordd002,Gordon,Dee,LAN,LAN,SS,1500
gonza003,Gonzalez,Adrian,LAN,LAN,1B,1500
garco001,Garcia,Onelki,LAN,LAN,P,1500
fifes001,Fife,Stephen,LAN,LAN,P,1500
fedet001,Federowicz,Tim,LAN,LAN,C,1500
ethia001,Ethier,Andre,LAN,LAN,OF,1500
ellim001,Ellis,Mark,LAN,LAN,SS,1500
ellia001,Ellis,A.J.,LAN,LAN,C,1500
domij002,Dominguez,Jose,LAN,LAN,P,1500
cruzl001,Cruz,Luis,LAN,LAN,2B,1500
crawc002,Crawford,Carl,LAN,LAN,OF,1500
casta003,Castellanos,Alex,LAN,LAN,OF,1500
capuc001,Capuano,Chris,LAN,LAN,P,1500
buted001,Butera,Drew,LAN,LAN,C,1500
bussn001,Buss,Nick,LAN,LAN,OF,1500
billc001,Billingsley,Chad,LAN,LAN,P,1500
belir001,Belisario,Ronald,LAN,LAN,P,1500
beckj002,Beckett,Josh,LAN,LAN,P,1500
venty001,Ventura,Yordano,KCA,KCA,P,1500
tejam001,Tejada,Miguel,KCA,KCA,SS,1500
teafe001,Teaford,Everett,KCA,KCA,P,1500
smitw002,Smith,Will,KCA,KCA,P,1500
shiej002,Shields,James,KCA,KCA,P,1500
sante001,Santana,Ervin,KCA,KCA,P,1500
peres002,Perez,Salvador,KCA,KCA,C,1500
penac001,Pena,Carlos,KCA,KCA,1B,1500
mousm001,Moustakas,Mike,KCA,KCA,3B,1500
moora001,Moore,Adam,KCA,KCA,C,1500
mendl001,Mendoza,Luis,KCA,KCA,P,1500
maxwj002,Maxwell,Justin,KCA,KCA,OF,1500
lougd001,Lough,David,KCA,KCA,OF,1500
kottg001,Kottaras,George,KCA,KCA,C,1500
josed001,Joseph,Donnie,KCA,KCA,P,1500
johne002,Johnson,Elliot,KCA,KCA,2B,1500
hosme001,Hosmer,Eric,KCA,KCA,1B,1500
hollg001,Holland,Greg,KCA,KCA,P,1500
hochl001,Hochevar,Luke,KCA,KCA,P,1500
herrk001,Herrera,Kelvin,KCA,KCA,P,1500
hayeb001,Hayes,Brett,KCA,KCA,C,1500
gutij002,Gutierrez,Juan,KCA,KCA,P,1500
guthj001,Guthrie,Jeremy,KCA,KCA,P,1500
gorda001,Gordon,Alex,KCA,KCA,OF,1500
giavj001,Giavotella,Johnny,KCA,KCA,2B,1500
getzc001,Getz,Chris,KCA,KCA,2B,1500
franj004,Francoeur,Jeff,KCA,KCA,OF,1500
falui001,Falu,Irving,KCA,KCA,2B,1500
escoa003,Escobar,Alcides,KCA,KCA,SS,1500
dysoj001,Dyson,Jarrod,KCA,KCA,OF,1500
dwyec001,Dwyer,Chris,KCA,KCA,P,1500
duffd001,Duffy,Danny,KCA,KCA,P,1500
daviw001,Davis,Wade,KCA,KCA,P,1500
crowa001,Crow,Aaron,KCA,KCA,P,1500
collt001,Collins,Tim,KCA,KCA,P,1500
colel001,Coleman,Louis,KCA,KCA,P,1500
cirip001,Ciriaco,Pedro,KCA,KCA,SS,1500
chenb001,Chen,Bruce,KCA,KCA,P,1500
carrj001,Carroll,Jamey,KCA,KCA,SS,1500
cainl001,Cain,Lorenzo,KCA,KCA,OF,1500
butlb003,Butler,Billy,KCA,KCA,OF,1500
bonie001,Bonifacio,Emilio,KCA,KCA,2B,1500
buenf001,Bueno,Francisley,KCA,KCA,P,1500
zeidj001,Zeid,Josh,HOU,HOU,P,1500
wrigw001,Wright,Wesley,HOU,HOU,P,1500
wallb001,Wallace,Brett,HOU,HOU,1B,1500
villj001,Villar,Jonathan,HOU,HOU,SS,1500
veraj001,Veras,Jose,HOU,HOU,P,1500
stasm001,Stassi,Max,HOU,HOU,C,1500
penac001,Pena,Carlos,HOU,HOU,1B,1500
peacb001,Peacock,Brad,HOU,HOU,P,1500
parej002,Paredes,Jimmy,HOU,HOU,SS,1500
norrb001,Norris,Bud,HOU,HOU,P,1500
maxwj002,Maxwell,Justin,HOU,HOU,OF,1500
martj006,Martinez,J.D.,HOU,HOU,OF,1500
martf002,Martinez,Fernando,HOU,HOU,OF,1500
martd005,Martinez,David,HOU,HOU,P,1500
lylej001,Lyles,Jordan,HOU,HOU,P,1500
lairb001,Laird,Brandon,HOU,HOU,3B,1500
keucd001,Keuchel,Dallas,HOU,HOU,P,1500
humbp001,Humber,Philip,HOU,HOU,P,1500
pagnm001,Pagnozzi,Matt,HOU,HOU,C,1500
oberb001,Oberholtzer,Brett,HOU,HOU,P,1500
lo--c001,Lo,Chia-Jen,HOU,HOU,P,1500
leblw001,LeBlanc,Wade,HOU,HOU,P,1500
kraum001,Krauss,Marc,HOU,HOU,OF,1500
hoesl001,Hoes,L.J.,HOU,HOU,OF,1500
harrl002,Harrell,Lucas,HOU,HOU,P,1500
grosr001,Grossman,Robbie,HOU,HOU,OF,1500
gonzm002,Gonzalez,Marwin,HOU,HOU,SS,1500
gonze001,Gonzalez,Edgar,HOU,HOU,P,1500
fielj002,Fields,Josh,HOU,HOU,P,1500
elmoj001,Elmore,Jake,HOU,HOU,2B,1500
domim001,Dominguez,Matt,HOU,HOU,3B,1500
delej002,"De Leon",Jorge,HOU,HOU,P,1500
cruzr001,Cruz,Rhiner,HOU,HOU,P,1500
crowt001,Crowe,Trevor,HOU,HOU,OF,1500
cosaj001,Cosart,Jarred,HOU,HOU,P,1500
corpc001,Corporan,Carlos,HOU,HOU,C,1500
clemp002,Clemens,Paul,HOU,HOU,P,1500
clarc001,Clark,Cody,HOU,HOU,C,1500
cisnj001,Cisnero,Jose,HOU,HOU,P,1500
chapk002,Chapman,Kevin,HOU,HOU,P,1500
cedex001,Cedeno,Xavier,HOU,HOU,P,1500
ceder002,Cedeno,Ronny,HOU,HOU,SS,1500
castj006,Castro,Jason,HOU,HOU,C,1500
cartc002,Carter,Chris,HOU,HOU,OF,1500
blact001,Blackley,Travis,HOU,HOU,P,1500
bedae001,Bedard,Erik,HOU,HOU,P,1500
barnb002,Barnes,Brandon,HOU,HOU,OF,1500
ankir001,Ankiel,Rick,HOU,HOU,OF,1500
ambrh001,Ambriz,Hector,HOU,HOU,P,1500
altuj001,Altuve,Jose,HOU,HOU,2B,1500
wortd001,Worth,Danny,DET,DET,2B,1500
villb002,Villarreal,Brayan,DET,DET,P,1500
verlj001,Verlander,Justin,DET,DET,P,1500
veraj001,Veras,Jose,DET,DET,P,1500
valvj001,Valverde,Jose,DET,DET,P,1500
tuiam001,Tuiasosopo,Matt,DET,DET,3B,1500
smyld001,Smyly,Drew,DET,DET,P,1500
schem001,Scherzer,Max,DET,DET,P,1500
santr002,Santiago,Ramon,DET,DET,2B,1500
sanca004,Sanchez,Anibal,DET,DET,P,1500
reede002,Reed,Evan,DET,DET,P,1500
rondb001,Rondon,Bruce,DET,DET,P,1500
putkl001,Putkonen,Luke,DET,DET,P,1500
porcr001,Porcello,Rick,DET,DET,P,1500
pereh001,Perez,Hernan,DET,DET,2B,1500
peraj001,Peralta,Jhonny,DET,DET,SS,1500
penab002,Pena,Brayan,DET,DET,C,1500
ortej001,Ortega,Jose,DET,DET,P,1500
martv001,Martinez,Victor,DET,DET,C,1500
kelld001,Kelly,Don,DET,DET,OF,1500
jacka001,Jackson,Austin,DET,DET,OF,1500
infao001,Infante,Omar,DET,DET,SS,1500
iglej001,Iglesias,Jose,DET,DET,SS,1500
huntt001,Hunter,Torii,DET,DET,CF,1500
holab001,Holaday,Bryan,DET,DET,C,1500
garca003,Garcia,Avisail,DET,DET,OF,1500
fistd001,Fister,Doug,DET,DET,P,1500
fielp001,Fielder,Prince,DET,DET,1B,1500
downd001,Downs,Darin,DET,DET,P,1500
doteo001,Dotel,Octavio,DET,DET,P,1500
dirka001,Dirks,Andy,DET,DET,OF,1500
cokep001,Coke,Phil,DET,DET,P,1500
castn001,Castellanos,Nick,DET,DET,OF,1500
cabrm001,Cabrera,Miguel,DET,DET,3B,1500
bondj001,Bonderman,Jeremy,DET,DET,P,1500
benoj001,Benoit,Joaquin,DET,DET,P,1500
avila001,Avila,Alex,DET,DET,C,1500
alvaj003,Alvarez,Jose,DET,DET,P,1500
albua001,Alburquerque,Al,DET,DET,P,1500
youne003,Young,Eric,COL,COL,OF,1500
wheer001,Wheeler,Ryan,COL,COL,3B,1500
volsc001,Volstad,Chris,COL,COL,P,1500
tulot001,Tulowitzki,Troy,COL,COL,SS,1500
torry001,Torrealba,Yorvit,COL,COL,C,1500
scahr001,Scahill,Rob,COL,COL,P,1500
rutlj001,Rutledge,Josh,COL,COL,SS,1500
rosaw001,Rosario,Wilin,COL,COL,C,1500
pomed001,Pomeranz,Drew,COL,COL,P,1500
pachj001,Pacheco,Jordan,COL,COL,C,1500
outmj001,Outman,Josh,COL,COL,P,1500
ottaa001,Ottavino,Adam,COL,COL,P,1500
oswar001,Oswalt,Roy,COL,COL,P,1500
nicaj001,Nicasio,Juan,COL,COL,P,1500
nelsc001,Nelson,Chris,COL,COL,SS,1500
mchuc001,McHugh,Collin,COL,COL,P,1500
mansj001,Manship,Jeff,COL,COL,P,1500
lopew001,Lopez,Wilton,COL,COL,P,1500
lemad001,LeMahieu,DJ,COL,COL,2B,1500
kensl001,Kensing,Logan,COL,COL,P,1500
herrj002,Herrera,Jonathan,COL,COL,2B,1500
heltt001,Helton,Todd,COL,COL,1B,1500
gonzc001,Gonzalez,Carlos,COL,COL,OF,1500
garlj001,Garland,Jon,COL,COL,P,1500
franj003,Francis,Jeff,COL,COL,P,1500
fowld001,Fowler,Dexter,COL,COL,OF,1500
escae001,Escalona,Edgmer,COL,COL,P,1500
dickc002,Dickerson,Corey,COL,COL,OF,1500
delaj001,"de la Rosa",Jorge,COL,COL,P,1500
culbc001,Culberson,Charlie,COL,COL,2B,1500
cuddm001,Cuddyer,Michael,COL,COL,OF,1500
corpm001,Corpas,Manuel,COL,COL,P,1500
colvt001,Colvin,Tyler,COL,COL,OF,1500
chatt001,Chatwood,Tyler,COL,COL,P,1500
chacj001,Chacin,Jhoulys,COL,COL,P,1500
brotr001,Brothers,Rex,COL,COL,P,1500
brigr001,Brignac,Reid,COL,COL,SS,1500
boggm001,Boggs,Mitchell,COL,COL,P,1500
blacc001,Blackmon,Charlie,COL,COL,OF,1500
bettc001,Bettis,Chad,COL,COL,P,1500
betar001,Betancourt,Rafael,COL,COL,P,1500
belim001,Belisle,Matt,COL,COL,P,1500
arenn001,Arenado,Nolan,COL,COL,3B,1500
woodb004,Wood,Blake,CLE,CLE,P,1500
tomlj001,Tomlin,Josh,CLE,CLE,P,1500
swisn001,Swisher,Nick,CLE,CLE,OF,1500
stubd001,Stubbs,Drew,CLE,CLE,OF,1500
smitj002,Smith,Joe,CLE,CLE,P,1500
shopk001,Shoppach,Kelly,CLE,CLE,C,1500
shawb001,Shaw,Bryan,CLE,CLE,P,1500
santo001,Santos,Omir,CLE,CLE,C,1500
santc002,Santana,Carlos,CLE,CLE,C,1500
salad001,Salazar,Danny,CLE,CLE,P,1500
rzepm001,Rzepczynski,Marc,CLE,CLE,P,1500
reynm001,Reynolds,Mark,CLE,CLE,3B,1500
rapac001,Rapada,Clay,CLE,CLE,P,1500
ramij003,Ramirez,Jose,CLE,CLE,2B,1500
rabur001,Raburn,Ryan,CLE,CLE,2B,1500
phelc001,Phelps,Cord,CLE,CLE,SS,1500
pestv001,Pestano,Vinnie,CLE,CLE,P,1500
perec002,Perez,Chris,CLE,CLE,P,1500
myerb001,Myers,Brett,CLE,CLE,P,1500
mcdoj003,McDonald,John,CLE,CLE,SS,1500
mcalz001,McAllister,Zach,CLE,CLE,P,1500
mastj001,Masterson,Justin,CLE,CLE,P,1500
martj004,Martinez,Joe,CLE,CLE,P,1500
marsl001,Marson,Lou,CLE,CLE,C,1500
lee-c004,Lee,C.C.,CLE,CLE,P,1500
langm002,Langwell,Matt,CLE,CLE,P,1500
kubej002,Kubel,Jason,CLE,CLE,RF,1500
klubc001,Kluber,Corey,CLE,CLE,P,1500
kipnj001,Kipnis,Jason,CLE,CLE,2B,1500
kazms001,Kazmir,Scott,CLE,CLE,P,1500
jimeu001,Jimenez,Ubaldo,CLE,CLE,P,1500
huffd001,Huff,David,CLE,CLE,P,1500
hillr001,Hill,Rich,CLE,CLE,P,1500
hagan001,Hagadone,Nick,CLE,CLE,P,1500
guilp001,Guilmet,Preston,CLE,CLE,P,1500
gomey001,Gomes,Yan,CLE,CLE,C,1500
giamj001,Giambi,Jason,CLE,CLE,1B,1500
chisl001,Chisenhall,Lonnie,CLE,CLE,3B,1500
carsm001,Carson,Matt,CLE,CLE,OF,1500
carre001,Carrera,Ezequiel,CLE,CLE,OF,1500
carrc003,Carrasco,Carlos,CLE,CLE,P,1500
cabra002,Cabrera,Asdrubal,CLE,CLE,SS,1500
branm003,Brantley,Michael,CLE,CLE,OF,1500
bourm001,Bourn,Michael,CLE,CLE,OF,1500
bauet001,Bauer,Trevor,CLE,CLE,P,1500
barns002,Barnes,Scott,CLE,CLE,P,1500
avilm001,Aviles,Mike,CLE,CLE,SS,1500
allec002,Allen,Cody,CLE,CLE,P,1500
albem001,Albers,Matt,CLE,CLE,P,1500
vottj001,Votto,Joey,CIN,CIN,1B,1500
villp001,Villarreal,Pedro,CIN,CIN,P,1500
soton001,Soto,Neftali,CIN,CIN,1B,1500
simoa001,Simon,Alfredo,CIN,CIN,P,1500
rodrh003,Rodriguez,Henry,CIN,CIN,2B,1500
robid002,Robinson,Derrick,CIN,CIN,OF,1500
reyng001,Reynolds,Greg,CIN,CIN,P,1500
philb001,Phillips,Brandon,CIN,CIN,SS,1500
paulx001,Paul,Xavier,CIN,CIN,OF,1500
partc001,Partch,Curtis,CIN,CIN,P,1500
parrm001,Parra,Manny,CIN,CIN,P,1500
ondrl001,Ondrusek,Logan,CIN,CIN,P,1500
millc001,Miller,Corky,CIN,CIN,C,1500
mesod001,Mesoraco,Devin,CIN,CIN,C,1500
marss002,Marshall,Sean,CIN,CIN,P,1500
lutzd001,Lutz,Donald,CIN,CIN,OF,1500
ludwr001,Ludwick,Ryan,CIN,CIN,OF,1500
lecus001,LeCure,Sam,CIN,CIN,P,1500
leakm001,Leake,Mike,CIN,CIN,P,1500
latom001,Latos,Mat,CIN,CIN,P,1500
iztuc001,Izturis,Cesar,CIN,CIN,SS,1500
hoovj002,Hoover,J.J.,CIN,CIN,P,1500
heisc001,Heisey,Chris,CIN,CIN,OF,1500
hannj001,Hannahan,Jack,CIN,CIN,3B,1500
hanir001,Hanigan,Ryan,CIN,CIN,C,1500
hamib001,Hamilton,Billy,CIN,CIN,OF,1500
freej001,Freeman,Justin,CIN,CIN,P,1500
frazt001,Frazier,Todd,CIN,CIN,OF,1500
dukez001,Duke,Zach,CIN,CIN,P,1500
cuetj001,Cueto,Johnny,CIN,CIN,P,1500
cozaz001,Cozart,Zack,CIN,CIN,SS,1500
cingt001,Cingrani,Tony,CIN,CIN,P,1500
chrin001,Christiani,Nick,CIN,CIN,P,1500
choos001,Choo,Shin-Soo,CIN,CIN,OF,1500
chapa001,Chapman,Aroldis,CIN,CIN,P,1500
brucj001,Bruce,Jay,CIN,CIN,OF,1500
broxj001,Broxton,Jonathan,CIN,CIN,P,1500
bailh001,Bailey,Homer,CIN,CIN,P,1500
arrob001,Arroyo,Bronson,CIN,CIN,P,1500
woodt004,Wood,Travis,CHN,CHN,P,1500
watkl001,Watkins,Logan,CHN,CHN,2B,1500
villc001,Villanueva,Carlos,CHN,CHN,P,1500
valbl001,Valbuena,Luis,CHN,CHN,2B,1500
takah001,Takahashi,Hisanori,CHN,CHN,P,1500
sweer001,Sweeney,Ryan,CHN,CHN,OF,1500
strop001,Strop,Pedro,CHN,CHN,P,1500
soria001,Soriano,Alfonso,CHN,CHN,OF,1500
schin001,Schierholtz,Nate,CHN,CHN,OF,1500
sappd001,Sappelt,Dave,CHN,CHN,OF,1500
sance001,Sanchez,Eduardo,CHN,CHN,P,1500
samaj001,Samardzija,Jeff,CHN,CHN,P,1500
russj003,Russell,James,CHN,CHN,P,1500
rusic001,Rusin,Chris,CHN,CHN,P,1500
rossz001,Rosscup,Zach,CHN,CHN,P,1500
rondh001,Rondon,Hector,CHN,CHN,P,1500
rodrh002,Rodriguez,Henry,CHN,CHN,P,1500
rizza001,Rizzo,Anthony,CHN,CHN,1B,1500
ransc001,Ransom,Cody,CHN,CHN,3B,1500
raleb001,Raley,Brooks,CHN,CHN,P,1500
putnz001,Putnam,Zach,CHN,CHN,P,1500
parkb001,Parker,Blake,CHN,CHN,P,1500
nealt001,Neal,Thomas,CHN,CHN,OF,1500
navad001,Navarro,Dioner,CHN,CHN,C,1500
murpd004,Murphy,Donnie,CHN,CHN,SS,1500
mcdod002,McDonald,Darnell,CHN,CHN,OF,1500
marmc001,Marmol,Carlos,CHN,CHN,P,1500
loe-k001,Loe,Kameron,CHN,CHN,P,1500
lim-c001,Lim,Chang-Yong,CHN,CHN,P,1500
lillb001,Lillibridge,Brent,CHN,CHN,SS,1500
lakej001,Lake,Junior,CHN,CHN,3B,1500
jacke001,Jackson,Edwin,CHN,CHN,P,1500
hairs001,Hairston,Scott,CHN,CHN,2B,1500
guerm001,Guerrier,Matt,CHN,CHN,P,1500
grimj002,Grimm,Justin,CHN,CHN,P,1500
gonza005,Gonzalez,Alberto,CHN,CHN,SS,1500
gregk001,Gregg,Kevin,CHN,CHN,P,1500
gillc002,Gillespie,Cole,CHN,CHN,OF,1500
garzm001,Garza,Matt,CHN,CHN,P,1500
fujik001,Fujikawa,Kyuji,CHN,CHN,P,1500
felds001,Feldman,Scott,CHN,CHN,P,1500
dolir001,Dolis,Rafael,CHN,CHN,P,1500
dejed001,DeJesus,David,CHN,CHN,CF,1500
clevs001,Clevenger,Steve,CHN,CHN,C,1500
casts001,Castro,Starlin,CHN,CHN,SS,1500
castw002,Castillo,Welington,CHN,CHN,C,1500
camps002,Camp,Shawn,CHN,CHN,P,1500
cabra003,Cabrera,Alberto,CHN,CHN,P,1500
burna002,Burnett,Alex,CHN,CHN,P,1500
bowdm001,Bowden,Michael,CHN,CHN,P,1500
boscj001,Boscan,J.C.,CHN,CHN,C,1500
borbj001,Borbon,Julio,CHN,CHN,OF,1500
bogub001,Bogusevic,Brian,CHN,CHN,OF,1500
barnd001,Barney,Darwin,CHN,CHN,SS,1500
bakes002,Baker,Scott,CHN,CHN,P,1500
arrij001,Arrieta,Jake,CHN,CHN,P,1500
wised001,Wise,Dewayne,CHA,CHA,OF,1500
wellc001,Wells,Casper,CHA,CHA,OF,1500
webbd001,Webb,Daniel,CHA,CHA,P,1500
vicid001,Viciedo,Dayan,CHA,CHA,OF,1500
veald001,Veal,Donnie,CHA,CHA,P,1500
tronr001,Troncoso,Ramon,CHA,CHA,P,1500
thorm001,Thornton,Matt,CHA,CHA,P,1500
tekob001,Tekotte,Blake,CHA,CHA,OF,1500
semim001,Semien,Marcus,CHA,CHA,SS,1500
santh001,Santiago,Hector,CHA,CHA,P,1500
sanca005,Sanchez,Angel,CHA,CHA,SS,1500
salec001,Sale,Chris,CHA,CHA,P,1500
riosa002,Rios,Alex,CHA,CHA,OF,1500
riena001,Rienzo,Andre,CHA,CHA,P,1500
reeda001,Reed,Addison,CHA,CHA,P,1500
ramia003,Ramirez,Alexei,CHA,CHA,OF,1500
quinj001,Quintana,Jose,CHA,CHA,P,1500
purcd001,Purcey,David,CHA,CHA,P,1500
phegj001,Phegley,Josh,CHA,CHA,C,1500
petrj001,Petricka,Jake,CHA,CHA,P,1500
peavj001,Peavy,Jake,CHA,CHA,P,1500
omogb001,Omogrosso,Brian,CHA,CHA,P,1500
moreb001,Morel,Brent,CHA,CHA,3B,1500
lindm001,Lindstrom,Matt,CHA,CHA,P,1500
leesc001,Leesman,Charlie,CHA,CHA,P,1500
konep001,Konerko,Paul,CHA,CHA,1B,1500
keppj001,Keppinger,Jeff,CHA,CHA,2B,1500
jonen001,Jones,Nate,CHA,CHA,P,1500
johne003,Johnson,Erik,CHA,CHA,P,1500
heatd001,Heath,Deunte,CHA,CHA,P,1500
greet004,Greene,Tyler,CHA,CHA,SS,1500
gonzm004,Gonzalez,Miguel,CHA,CHA,C,1500
gimeh001,Gimenez,Hector,CHA,CHA,C,1500
gillc001,Gillaspie,Conor,CHA,CHA,1B,1500
garcl004,Garcia,Leury,CHA,CHA,SS,1500
garca003,Garcia,Avisail,CHA,CHA,OF,1500
floyg001,Floyd,Gavin,CHA,CHA,P,1500
flowt001,Flowers,Tyler,CHA,CHA,C,1500
dunna001,Dunn,Adam,CHA,CHA,OF,1500
deaza001,"de Aza",Alejandro,CHA,CHA,OF,1500
dankj002,Danks,Jordan,CHA,CHA,OF,1500
dankj001,Danks,John,CHA,CHA,P,1500
craij001,Crain,Jesse,CHA,CHA,P,1500
casts002,Castro,Simon,CHA,CHA,P,1500
beckg001,Beckham,Gordon,CHA,CHA,3B,1500
andeb005,Anderson,Bryan,CHA,CHA,C,1500
axeld001,Axelrod,Dylan,CHA,CHA,P,1500
wrigs001,Wright,Steven,BOS,BOS,P,1500
workb001,Workman,Brandon,BOS,BOS,P,1500
wilsa001,Wilson,Alex,BOS,BOS,P,1500
websa001,Webster,Allen,BOS,BOS,P,1500
villb002,Villarreal,Brayan,BOS,BOS,P,1500
victs001,Victorino,Shane,BOS,BOS,OF,1500
uehak001,Uehara,Koji,BOS,BOS,P,1500
thorm001,Thornton,Matt,BOS,BOS,P,1500
tazaj001,Tazawa,Junichi,BOS,BOS,P,1500
snydb003,Snyder,Brandon,BOS,BOS,1B,1500
saltj001,Saltalamacchia,Jarrod,BOS,BOS,C,1500
rossd001,Ross,David,BOS,BOS,C,1500
pedrd001,Pedroia,Dustin,BOS,BOS,2B,1500
peavj001,Peavy,Jake,BOS,BOS,P,1500
ortid001,Ortiz,David,BOS,BOS,1B,1500
navad002,Nava,Daniel,BOS,BOS,OF,1500
napom001,Napoli,Mike,BOS,BOS,1B,1500
mortc003,Mortensen,Clayton,BOS,BOS,P,1500
moraf001,Morales,Franklin,BOS,BOS,P,1500
milla002,Miller,Andrew,BOS,BOS,P,1500
middw001,Middlebrooks,Will,BOS,BOS,3B,1500
mcdoj003,McDonald,John,BOS,BOS,SS,1500
lestj001,Lester,Jon,BOS,BOS,P,1500
lavar001,Lavarnway,Ryan,BOS,BOS,C,1500
lackj001,Lackey,John,BOS,BOS,P,1500
iglej001,Iglesias,Jose,BOS,BOS,SS,1500
holtb002,Holt,Brock,BOS,BOS,2B,1500
hanrj001,Hanrahan,Joel,BOS,BOS,P,1500
gomej001,Gomes,Jonny,BOS,BOS,OF,1500
ellsj001,Ellsbury,Jacoby,BOS,BOS,OF,1500
drews001,Drew,Stephen,BOS,BOS,SS,1500
doubf001,Doubront,Felix,BOS,BOS,P,1500
dempr002,Dempster,Ryan,BOS,BOS,P,1500
diazj004,Diaz,Jonathan,BOS,BOS,3B,1500
delaj002,"de la Torre",Jose,BOS,BOS,P,1500
delar003,"de la Rosa",Rubby,BOS,BOS,P,1500
cirip001,Ciriaco,Pedro,BOS,BOS,SS,1500
carpm001,Carp,Mike,BOS,BOS,1B,1500
buchc001,Buchholz,Clay,BOS,BOS,P,1500
britd001,Britton,Drake,BOS,BOS,P,1500
bresc001,Breslow,Craig,BOS,BOS,P,1500
bradj001,Bradley,Jackie,BOS,BOS,OF,1500
bogax001,Bogaerts,Xander,BOS,BOS,SS,1500
berrq001,Berry,Quintin,BOS,BOS,OF,1500
beatp001,Beato,Pedro,BOS,BOS,P,1500
bardd001,Bard,Daniel,BOS,BOS,P,1500
baila001,Bailey,Andrew,BOS,BOS,P,1500
aceva001,Aceves,Alfredo,BOS,BOS,P,1500
wietm001,Wieters,Matt,BAL,BAL,C,1500
valed001,Valencia,Danny,BAL,BAL,3B,1500
valdl001,Asencio,Jairo,BAL,BAL,P,1500
urruh001,Urrutia,Henry,BAL,BAL,OF,1500
tillc001,Tillman,Chris,BAL,BAL,P,1500
teagt001,Teagarden,Taylor,BAL,BAL,C,1500
strop001,Strop,Pedro,BAL,BAL,P,1500
stinj001,Stinson,Josh,BAL,BAL,P,1500
snydc002,Snyder,Chris,BAL,BAL,C,1500
schoj001,Schoop,Jonathan,BAL,BAL,3B,1500
rodrf003,Rodriguez,Francisco,BAL,BAL,P,1500
robeb003,Roberts,Brian,BAL,BAL,2B,1500
reimn001,Reimold,Nolan,BAL,BAL,OF,1500
pridj001,Pridie,Jason,BAL,BAL,OF,1500
pears001,Pearce,Steve,BAL,BAL,1B,1500
pattt001,Patton,Troy,BAL,BAL,P,1500
odayd001,O'Day,Darren,BAL,BAL,P,1500
norrb001,Norris,Bud,BAL,BAL,P,1500
navay001,Navarro,Yamaico,BAL,BAL,SS,1500
morsm001,Morse,Michael,BAL,BAL,OF,1500
mclon001,McLouth,Nate,BAL,BAL,CF,1500
mcfat001,McFarland,T.J.,BAL,BAL,P,1500
matub001,Matusz,Brian,BAL,BAL,P,1500
markn001,Markakis,Nick,BAL,BAL,OF,1500
machm001,Machado,Manny,BAL,BAL,3B,1500
jurrj001,Jurrjens,Jair,BAL,BAL,P,1500
jonea003,Jones,Adam,BAL,BAL,OF,1500
johns001,Johnson,Steve,BAL,BAL,P,1500
johnj010,Johnson,Jim,BAL,BAL,P,1500
johnd004,Johnson,Dan,BAL,BAL,1B,1500
ishit001,Ishikawa,Travis,BAL,BAL,1B,1500
huntt002,Hunter,Tommy,BAL,BAL,P,1500
hoesl001,Hoes,L.J.,BAL,BAL,OF,1500
hardj003,Hardy,J.J.,BAL,BAL,SS,1500
hammj002,Hammel,Jason,BAL,BAL,P,1500
gonzm003,Gonzalez,Miguel,BAL,BAL,P,1500
gausk001,Gausman,Kevin,BAL,BAL,P,1500
garcf002,Garcia,Freddy,BAL,BAL,P,1500
flahr001,Flaherty,Ryan,BAL,BAL,3B,1500
felds001,Feldman,Scott,BAL,BAL,P,1500
dickc001,Dickerson,Chris,BAL,BAL,OF,1500
davic003,Davis,Chris,BAL,BAL,1B,1500
clevs001,Clevenger,Steve,BAL,BAL,C,1500
clarz001,Clark,Zach,BAL,BAL,P,1500
chenw001,Chen,Wei-Yin,BAL,BAL,P,1500
casia001,Casilla,Alexi,BAL,BAL,SS,1500
burna002,Burnett,Alex,BAL,BAL,P,1500
britz001,Britton,Zach,BAL,BAL,P,1500
betew001,Betemit,Wilson,BAL,BAL,SS,1500
belfm001,Belfiore,Mike,BAL,BAL,P,1500
ayall001,Ayala,Luis,BAL,BAL,P,1500
arrij001,Arrieta,Jake,BAL,BAL,P,1500
wooda002,Wood,Alex,ATL,ATL,P,1500
waldj001,Walden,Jordan,ATL,ATL,P,1500
varva001,Varvaro,Anthony,ATL,ATL,P,1500
uptoj001,Upton,Justin,ATL,ATL,OF,1500
uptob001,Upton,B.J.,ATL,ATL,OF,1500
uggld001,Uggla,Dan,ATL,ATL,2B,1500
terdj001,Terdoslavich,Joey,ATL,ATL,OF,1500
tehej001,Teheran,Julio,ATL,ATL,P,1500
simma001,Simmons,Andrelton,ATL,ATL,SS,1500
schaj002,Schafer,Jordan,ATL,ATL,OF,1500
rasmc002,Rasmus,Cory,ATL,ATL,P,1500
penar002,Pena,Ramiro,ATL,ATL,SS,1500
pastt001,Pastornicky,Tyler,ATL,ATL,SS,1500
oflae001,O'Flaherty,Eric,ATL,ATL,P,1500
minom001,Minor,Mike,ATL,ATL,P,1500
medlk001,Medlen,Kris,ATL,ATL,P,1500
mccab002,McCann,Brian,ATL,ATL,C,1500
martc005,Martinez,Cristhian,ATL,ATL,P,1500
mahop002,Maholm,Paul,ATL,ATL,P,1500
loe-k001,Loe,Kameron,ATL,ATL,P,1500
lairg001,Laird,Gerald,ATL,ATL,C,1500
kimbc001,Kimbrel,Craig,ATL,ATL,P,1500
johnr008,Johnson,Reed,ATL,ATL,OF,1500
johne002,Johnson,Elliot,ATL,ATL,2B,1500
johnc003,Johnson,Chris,ATL,ATL,3B,1500
janip001,Janish,Paul,ATL,ATL,SS,1500
hudst001,Hudson,Tim,ATL,ATL,P,1500
heywj001,Heyward,Jason,ATL,ATL,OF,1500
haled001,Hale,David,ATL,ATL,P,1500
gossp001,Gosselin,Philip,ATL,ATL,2B,1500
gearc001,Gearrin,Cory,ATL,ATL,P,1500
gatte001,Gattis,Evan,ATL,ATL,C,1500
garcf002,Garcia,Freddy,ATL,ATL,P,1500
freef001,Freeman,Freddie,ATL,ATL,1B,1500
franj005,Francisco,Juan,ATL,ATL,3B,1500
downs001,Downs,Scott,ATL,ATL,P,1500
dewib001,DeWitt,Blake,ATL,ATL,3B,1500
cunnt001,Cunningham,Todd,ATL,ATL,OF,1500
consj001,Constanza,Jose,ATL,ATL,OF,1500
carpd001,Carpenter,David,ATL,ATL,P,1500
bethc001,Bethancourt,Christian,ATL,ATL,C,1500
beacb001,Beachy,Brandon,ATL,ATL,P,1500
ayall001,Ayala,Luis,ATL,ATL,P,1500
avill001,Avilan,Luis,ATL,ATL,P,1500
ziegb001,Ziegler,Brad,ARI,ARI,P,1500
wilsj003,Wilson,Josh,ARI,ARI,2B,1500
thatj001,Thatcher,Joe,ARI,ARI,P,1500
spruz001,Spruill,Zeke,ARI,ARI,P,1500
skagt001,Skaggs,Tyler,ARI,ARI,P,1500
sippt001,Sipp,Tony,ARI,ARI,P,1500
rossc001,Ross,Cody,ARI,ARI,OF,1500
roe-c001,Roe,Chaz,ARI,ARI,P,1500
reynm002,Reynolds,Matt,ARI,ARI,P,1500
putzj001,Putz,J.J.,ARI,ARI,P,1500
pradm001,Prado,Martin,ARI,ARI,OF,1500
polla001,Pollock,A.J.,ARI,ARI,OF,1500
pennc001,Pennington,Cliff,ARI,ARI,SS,1500
patej001,Paterson,Joe,ARI,ARI,P,1500
parrg001,Parra,Gerardo,ARI,ARI,OF,1500
owinc001,Owings,Chris,ARI,ARI,SS,1500
nievw001,Nieves,Wil,ARI,ARI,C,1500
montm001,Montero,Miguel,ARI,ARI,C,1500
milew001,Miley,Wade,ARI,ARI,P,1500
mccab001,McCarthy,Brandon,ARI,ARI,P,1500
marta005,Marte,Alfredo,ARI,ARI,OF,1500
langm002,Langwell,Matt,ARI,ARI,P,1500
kubej002,Kubel,Jason,ARI,ARI,RF,1500
kenni001,Kennedy,Ian,ARI,ARI,P,1500
holmd002,Holmberg,David,ARI,ARI,P,1500
hinse001,Hinske,Eric,ARI,ARI,OF,1500
hilla001,Hill,Aaron,ARI,ARI,2B,1500
hernd002,Hernandez,David,ARI,ARI,P,1500
harrw002,Harris,Will,ARI,ATI,P,1500
gregd001,Gregorius,Didi,ARI,ARI,SS,1500
goset001,Gosewisch,Tuffy,ARI,ARI,C,1500
goldp001,Goldschmidt,Paul,ARI,ARI,1B,1500
eatoa002,Eaton,Adam,ARI,ARI,OF,1500
delgr001,Delgado,Randall,ARI,ARI,P,1500
delae002,"de la Rosa",Eury,ARI,ARI,P,1500
davim005,Davidson,Matt,ARI,ARI,3B,1500
corbp001,Corbin,Patrick,ARI,ARI,P,1500
collj001,Collmenter,Josh,ARI,ARI,P,1500
chave001,Chavez,Eric,ARI,ARI,3B,1500
campt001,Campana,Tony,ARI,ARI,OF,1500
cahit001,Cahill,Trevor,ARI,ARI,P,1500
brewc001,Brewer,Charles,ARI,ARI,P,1500
bloow001,Bloomquist,Willie,ARI,ARI,2B,1500
bellh001,Bell,Heath,ARI,ARI,P,1500
wilsc004,Wilson,C.J.,ANA,ANA,P,1500
willj003,Williams,Jerome,ANA,ANA,P,1500
weavj003,Weaver,Jered,ANA,ANA,P,1500
vargj001,Vargas,Jason,ANA,ANA,P,1500
trumm001,Trumbo,Mark,ANA,ANA,1B,1500
troum001,Trout,Mike,ANA,ANA,OF,1500
stand001,Stange,Daniel,ANA,ANA,P,1500
shucj001,Shuck,J.B.,ANA,ANA,OF,1500
shoem001,Shoemaker,Matt,ANA,ANA,P,1500
rothm001,Roth,Michael,ANA,ANA,P,1500
romia001,Romine,Andrew,ANA,ANA,SS,1500
richg002,Richards,Garrett,ANA,ANA,P,1500
rasmc002,Rasmus,Cory,ANA,ANA,P,1500
pujoa001,Pujols,Albert,ANA,ANA,1B,1500
nelsc001,Nelson,Chris,ANA,ANA,SS,1500
navae001,Navarro,Efren,ANA,ANA,1B,1500
maron001,Maronde,Nick,ANA,ANA,P,1500
lowem002,Lowe,Mark,ANA,ANA,P,1500
kohnm001,Kohn,Michael,ANA,ANA,P,1500
kendh001,Kendrick,Howard,ANA,ANA,2B,1500
jimel002,Jimenez,Luis,ANA,ANA,3B,1500
jepsk001,Jepsen,Kevin,ANA,ANA,P,1500
iannc001,Iannetta,Chris,ANA,ANA,C,1500
hestj001,Hester,John,ANA,ANA,C,1500
hawpb001,Hawpe,Brad,ANA,ANA,OF,1500
harrb001,Harris,Brendan,ANA,ANA,SS,1500
hanst001,Hanson,Tommy,ANA,ANA,P,1500
hamij003,Hamilton,Josh,ANA,ANA,OF,1500
gutij002,Gutierrez,Juan,ANA,ANA,P,1500
greeg002,Green,Grant,ANA,ANA,2B,1500
friee001,Frieri,Ernesto,ANA,ANA,P,1500
fielt001,Field,Tommy,ANA,ANA,SS,1500
enrib001,Enright,Barry,ANA,ANA,P,1500
downs001,Downs,Scott,ANA,ANA,P,1500
delad001,DeLaRosa,Dane,ANA,ANA,P,1500
cowgc001,Cowgill,Collin,ANA,ANA,OF,1500
couss001,Cousins,Scott,ANA,ANA,OF,1500
congh001,Conger,Hank,ANA,ANA,C,1500
coelr001,Coello,Robert,ANA,ANA,P,1500
carpd002,Carpenter,David,ANA,ANA,P,1500
calla001,Callaspo,Alberto,ANA,ANA,2B,1500
calhk001,Calhoun,Kole,ANA,ANA,OF,1500
burns001,Burnett,Sean,ANA,ANA,P,1500
buckb002,Buckner,Billy,ANA,ANA,P,1500
brasr001,Brasier,Ryan,ANA,ANA,P,1500
bourp001,Bourjos,Peter,ANA,ANA,OF,1500
boshb001,Boshers,Buddy,ANA,ANA,P,1500
blanj001,Blanton,Joe,ANA,ANA,P,1500
aybae001,Aybar,Erick,ANA,ANA,SS,1500
